Variant ID,P/N,Model,RRP,Discount Type,Discount Value,Net Price,Coupon,Sale Mode,Companion Requirement,Status,Source Row,Calculation Audit
STOCK-R182-BUDSCORE,SM-R410NZKAASA,Samsung Galaxy Buds Core,1490.0,FIXED_BAHT,200.0,1290.0,03,STANDARD_PAYMENT,ไม่มี (ซื้อเดี่ยวได้),WARNING,182,"RRP (1,490) - Disc (200) = Net (1,290) [OK]"
STOCK-R183-BUDSCORE,SM-R410NZWAASA,,1490.0,FIXED_BAHT,200.0,1290.0,-,STANDARD_PAYMENT,ไม่มี (ซื้อเดี่ยวได้),WARNING,183,"RRP (1,490) - Disc (200) = Net (1,290) [OK]"
STOCK-R184-MBO,SM-R420NZKAASA,Samsung Galaxy Buds3 FE,4290.0,PERCENT,1287,3003.0,-,MBO,ต้องซื้อคู่สมาร์ทโฟนที่กำหนดในวันเดียวกัน,WARNING,184,"RRP (4,290) - Disc (1,287) = Net (3,003) [OK]"
STOCK-R185-MBO,SM-R420NZAAASA,,4290.0,PERCENT,1287,3003.0,-,MBO,ต้องซื้อคู่สมาร์ทโฟนที่กำหนดในวันเดียวกัน,WARNING,185,"RRP (4,290) - Disc (1,287) = Net (3,003) [OK]"
STOCK-R186-MBO,SM-R540NZKAASA,Samsung Galaxy Buds4,5990.0,PERCENT,1797,4193.0,-,MBO,ต้องซื้อคู่สมาร์ทโฟนที่กำหนดในวันเดียวกัน,WARNING,186,"RRP (5,990) - Disc (1,797) = Net (4,193) [OK]"
STOCK-R187-MBO,SM-R540NZWAASA,,5990.0,PERCENT,1797,4193.0,-,MBO,ต้องซื้อคู่สมาร์ทโฟนที่กำหนดในวันเดียวกัน,WARNING,187,"RRP (5,990) - Disc (1,797) = Net (4,193) [OK]"
STOCK-R188-MBO,SM-R640NZKAASA,Samsung Galaxy Buds4 Pro,7990.0,PERCENT,2397,5593.0,-,MBO,ต้องซื้อคู่สมาร์ทโฟนที่กำหนดในวันเดียวกัน,WARNING,188,"RRP (7,990) - Disc (2,397) = Net (5,593) [OK]"
STOCK-R189-MBO,SM-R640NZWAASA,,7990.0,PERCENT,2397,5593.0,-,MBO,ต้องซื้อคู่สมาร์ทโฟนที่กำหนดในวันเดียวกัน,WARNING,189,"RRP (7,990) - Disc (2,397) = Net (5,593) [OK]"
STOCK-R190-MBO,SM-R640NZDAASA,,7990.0,PERCENT,2397,5593.0,-,MBO,ต้องซื้อคู่สมาร์ทโฟนที่กำหนดในวันเดียวกัน,WARNING,190,"RRP (7,990) - Disc (2,397) = Net (5,593) [OK]"
STOCK-R200-WATCH8-FIXED,SM-L320NDAAASA,Samsung Galaxy Watch8 40mm BT,11900.0,FIXED_BAHT,4000.0,7900.0,-,STANDARD_PAYMENT,ไม่มี (ซื้อเดี่ยวได้),WARNING,200,"RRP (11,900) - Disc (4,000) = Net (7,900) [OK]"
STOCK-R201-WATCH8-FIXED,SM-L320NZSAASA,,11900.0,FIXED_BAHT,4000.0,7900.0,-,STANDARD_PAYMENT,ไม่มี (ซื้อเดี่ยวได้),WARNING,201,"RRP (11,900) - Disc (4,000) = Net (7,900) [OK]"
STOCK-R202-WATCH8-FIXED,SM-L330NDAAASA,Samsung Galaxy Watch8 44mm BT,13900.0,FIXED_BAHT,4000.0,9900.0,-,STANDARD_PAYMENT,ไม่มี (ซื้อเดี่ยวได้),WARNING,202,"RRP (13,900) - Disc (4,000) = Net (9,900) [OK]"
STOCK-R203-MBO,SM-L500NZKAASA,Samsung Galaxy Watch8 Classic BT,17900.0,PERCENT,5370,12530.0,-,MBO,ต้องซื้อคู่สมาร์ทโฟนที่กำหนดในวันเดียวกัน,WARNING,203,"RRP (17,900) - Disc (5,370) = Net (12,530) [OK]"
STOCK-R204-MBO,SM-L500NZWAASA,Samsung Galaxy Watch8 Classic BT,17900.0,PERCENT,5370,12530.0,-,MBO,ต้องซื้อคู่สมาร์ทโฟนที่กำหนดในวันเดียวกัน,WARNING,204,"RRP (17,900) - Disc (5,370) = Net (12,530) [OK]"
STOCK-R205-MBO,SM-L505FZKATHL,Samsung Galaxy Watch8 Classic LTE,19900.0,PERCENT,5970,13930.0,-,MBO,ต้องซื้อคู่สมาร์ทโฟนที่กำหนดในวันเดียวกัน,WARNING,205,"RRP (19,900) - Disc (5,970) = Net (13,930) [OK]"
STOCK-R206-MBO,SM-L340NZEAASA,Samsung Galaxy Watch9 40mm,12900.0,PERCENT,3870,9030.0,-,MBO,ต้องซื้อคู่สมาร์ทโฟนที่กำหนดในวันเดียวกัน,WARNING,206,"RRP (12,900) - Disc (3,870) = Net (9,030) [OK]"
STOCK-R207-MBO,SM-L340NZKAASA,,12900.0,PERCENT,3870,9030.0,-,MBO,ต้องซื้อคู่สมาร์ทโฟนที่กำหนดในวันเดียวกัน,WARNING,207,"RRP (12,900) - Disc (3,870) = Net (9,030) [OK]"
STOCK-R208-MBO,SM-L350NZSAASA,Samsung Galaxy Watch9 44mm,14900.0,PERCENT,4470,10430.0,-,MBO,ต้องซื้อคู่สมาร์ทโฟนที่กำหนดในวันเดียวกัน,WARNING,208,"RRP (14,900) - Disc (4,470) = Net (10,430) [OK]"
STOCK-R209-MBO,SM-L350NZKAASA,,14900.0,PERCENT,4470,10430.0,-,MBO,ต้องซื้อคู่สมาร์ทโฟนที่กำหนดในวันเดียวกัน,WARNING,209,"RRP (14,900) - Disc (4,470) = Net (10,430) [OK]"
STOCK-R210-MBO,SM-L705FDAATHL,Samsung Galaxy Watch Ultra 2024,23900.0,PERCENT,11950,11950.0,05,MBO,ต้องซื้อคู่สมาร์ทโฟนที่กำหนดในวันเดียวกัน,WARNING,210,"RRP (23,900) - Disc (11,950) = Net (11,950) [OK]"
STOCK-R211-MBO,SM-L705FZTATHL,,23900.0,PERCENT,11950,11950.0,05,MBO,ต้องซื้อคู่สมาร์ทโฟนที่กำหนดในวันเดียวกัน,WARNING,211,"RRP (23,900) - Disc (11,950) = Net (11,950) [OK]"
STOCK-R212-MBO,SM-L705FZWATHL,,23900.0,PERCENT,11950,11950.0,05,MBO,ต้องซื้อคู่สมาร์ทโฟนที่กำหนดในวันเดียวกัน,WARNING,212,"RRP (23,900) - Disc (11,950) = Net (11,950) [OK]"
STOCK-R213-MBO,SM-L705FZB1THL,Samsung Galaxy Watch Ultra 2025,24900.0,PERCENT,8715,16185.0,03,MBO,ต้องซื้อคู่สมาร์ทโฟนที่กำหนดในวันเดียวกัน,WARNING,213,"RRP (24,900) - Disc (8,715) = Net (16,185) [OK]"
STOCK-R214-MBO,SM-L705FZA1THL,,24900.0,PERCENT,8715,16185.0,03,MBO,ต้องซื้อคู่สมาร์ทโฟนที่กำหนดในวันเดียวกัน,WARNING,214,"RRP (24,900) - Disc (8,715) = Net (16,185) [OK]"
STOCK-R215-MBO,SM-L705FZS1THL,,24900.0,PERCENT,8715,16185.0,03,MBO,ต้องซื้อคู่สมาร์ทโฟนที่กำหนดในวันเดียวกัน,WARNING,215,"RRP (24,900) - Disc (8,715) = Net (16,185) [OK]"
STOCK-R216-MBO,SM-L715FZKATHL,Samsung Galaxy Watch Ultra2,25900.0,PERCENT,7770,18130.0,-,MBO,ต้องซื้อคู่สมาร์ทโฟนที่กำหนดในวันเดียวกัน,WARNING,216,"RRP (25,900) - Disc (7,770) = Net (18,130) [OK]"
STOCK-R217-MBO,SM-L715FZSATHL,,25900.0,PERCENT,7770,18130.0,-,MBO,ต้องซื้อคู่สมาร์ทโฟนที่กำหนดในวันเดียวกัน,WARNING,217,"RRP (25,900) - Disc (7,770) = Net (18,130) [OK]"
STOCK-R220-REDEMPTION,EF-DX920UBEGTH,Tab S10Ultra Book Cover Keyboard Slim,6990.0,PERCENT,3495,3495.0,02,REDEMPTION,ซื้อพร้อมแท็บเล็ต,WARNING,220,"RRP (6,990) - Disc (3,495) = Net (3,495) [OK]"
STOCK-R221-REDEMPTION,EF-DX820UBEGTH,Tab S10Plus Book Cover Keyboard Slim,5990.0,PERCENT,2995,2995.0,-,REDEMPTION,ซื้อพร้อมแท็บเล็ต,WARNING,221,"RRP (5,990) - Disc (2,995) = Net (2,995) [OK]"
STOCK-R222-REDEMPTION,EF-BX810PBEGWW,Tab S9Plus S10Plus Smart Book Cover,2990.0,PERCENT,1495,1495.0,-,REDEMPTION,ซื้อพร้อมแท็บเล็ต,WARNING,222,"RRP (2,990) - Disc (1,495) = Net (1,495) [OK]"
STOCK-R223-REDEMPTION,EF-BX810PLEGWW,Tab S9Plus S10Plus Smart Book Cover,2990.0,PERCENT,1495,1495.0,-,REDEMPTION,ซื้อพร้อมแท็บเล็ต,WARNING,223,"RRP (2,990) - Disc (1,495) = Net (1,495) [OK]"
STOCK-R224-REDEMPTION,GP-FCX828NNABH,Tab S10Plus Neos Pogo Keyboard Cover,3990.0,PERCENT,1995,1995.0,-,REDEMPTION,ซื้อพร้อมแท็บเล็ต,WARNING,224,"RRP (3,990) - Disc (1,995) = Net (1,995) [OK]"
STOCK-R225-REDEMPTION,EF-DX620UBEGTH,Tab S10FE Plus (AI) Book Cover Keyboard Slim,5990.0,PERCENT,2995,2995.0,-,REDEMPTION,ซื้อพร้อมแท็บเล็ต,WARNING,225,"RRP (5,990) - Disc (2,995) = Net (2,995) [OK]"
STOCK-R228-REDEMPTION,EF-DX720UBEGTH,Tab S9(AI) Book Cover Keyboard,4990.0,PERCENT,2495,2495.0,-,REDEMPTION,ซื้อพร้อมแท็บเล็ต,WARNING,228,"RRP (4,990) - Disc (2,495) = Net (2,495) [OK]"
STOCK-R229-REDEMPTION,EF-DX710UBEGTH,Tab S9 Book Cover Keyboard,4990.0,PERCENT,2495,2495.0,-,REDEMPTION,ซื้อพร้อมแท็บเล็ต,WARNING,229,"RRP (4,990) - Disc (2,495) = Net (2,495) [OK]"
STOCK-R230-REDEMPTION,EF-BX710PBEGWW,Tab S9 Smart Book Cover,2490.0,PERCENT,1245,1245.0,-,REDEMPTION,ซื้อพร้อมแท็บเล็ต,WARNING,230,"RRP (2,490) - Disc (1,245) = Net (1,245) [OK]"
STOCK-R232-REDEMPTION,EF-BX210TBEGWW,Tab A9 Plus Book cover,1390.0,PERCENT,695,695.0,-,REDEMPTION,ซื้อพร้อมแท็บเล็ต,WARNING,232,"RRP (1,390) - Disc (695) = Net (695) [OK]"
STOCK-R233-REDEMPTION,EF-BX210TWEGWW,,1390.0,PERCENT,695,695.0,-,REDEMPTION,ซื้อพร้อมแท็บเล็ต,WARNING,233,"RRP (1,390) - Disc (695) = Net (695) [OK]"
STOCK-R234-REDEMPTION,EF-BX210TLEGWW,,1390.0,PERCENT,695,695.0,-,REDEMPTION,ซื้อพร้อมแท็บเล็ต,WARNING,234,"RRP (1,390) - Disc (695) = Net (695) [OK]"
STOCK-R235-REDEMPTION,EF-BX110TBEGWW,Tab A9 Book cover,990.0,PERCENT,495,495.0,-,REDEMPTION,ซื้อพร้อมแท็บเล็ต,WARNING,235,RRP (990) - Disc (495) = Net (495) [OK]
