Variant ID,P/N,Model,Source Formula Col E,Source Formula Col G,Cached Value Col E,Cached Value Col G,Displayed Value,Error Type,Net Price,Price Display Text,Status,Error Code
ACC-ERR-R70,-,,Col E: #ERROR! | Col G: #ERROR!,-,#ERROR!,-,#ERROR!,FORMULA_CALCULATION_FAILURE,None,ไม่สามารถยืนยันราคาโปร,BLOCKED_INVALID,SOURCE_FORMULA_ERROR
ACC-ERR-R71,-,,Col E: #ERROR! | Col G: #ERROR!,-,#ERROR!,-,#ERROR!,FORMULA_CALCULATION_FAILURE,None,ไม่สามารถยืนยันราคาโปร,BLOCKED_INVALID,SOURCE_FORMULA_ERROR
ACC-ERR-R72,-,,Col E: #ERROR! | Col G: #ERROR!,-,#ERROR!,-,#ERROR!,FORMULA_CALCULATION_FAILURE,None,ไม่สามารถยืนยันราคาโปร,BLOCKED_INVALID,SOURCE_FORMULA_ERROR
ACC-ERR-R73,-,,Col E: #ERROR! | Col G: #ERROR!,-,#ERROR!,-,#ERROR!,FORMULA_CALCULATION_FAILURE,None,ไม่สามารถยืนยันราคาโปร,BLOCKED_INVALID,SOURCE_FORMULA_ERROR
ACC-ERR-R74,-,,Col E: #ERROR! | Col G: #ERROR!,-,#ERROR!,-,#ERROR!,FORMULA_CALCULATION_FAILURE,None,ไม่สามารถยืนยันราคาโปร,BLOCKED_INVALID,SOURCE_FORMULA_ERROR
ACC-ERR-R75,-,,Col E: #ERROR! | Col G: #ERROR!,-,#ERROR!,-,#ERROR!,FORMULA_CALCULATION_FAILURE,None,ไม่สามารถยืนยันราคาโปร,BLOCKED_INVALID,SOURCE_FORMULA_ERROR
ACC-ERR-R76,-,,Col E: #ERROR! | Col G: #ERROR!,-,#ERROR!,-,#ERROR!,FORMULA_CALCULATION_FAILURE,None,ไม่สามารถยืนยันราคาโปร,BLOCKED_INVALID,SOURCE_FORMULA_ERROR
ACC-ERR-R77,-,,Col E: #ERROR! | Col G: #ERROR!,-,#ERROR!,-,#ERROR!,FORMULA_CALCULATION_FAILURE,None,ไม่สามารถยืนยันราคาโปร,BLOCKED_INVALID,SOURCE_FORMULA_ERROR
ACC-ERR-R78,-,,Col E: #ERROR! | Col G: #ERROR!,-,#ERROR!,-,#ERROR!,FORMULA_CALCULATION_FAILURE,None,ไม่สามารถยืนยันราคาโปร,BLOCKED_INVALID,SOURCE_FORMULA_ERROR
ACC-ERR-R79,-,,Col E: #ERROR! | Col G: #ERROR!,-,#ERROR!,-,#ERROR!,FORMULA_CALCULATION_FAILURE,None,ไม่สามารถยืนยันราคาโปร,BLOCKED_INVALID,SOURCE_FORMULA_ERROR
ACC-ERR-R80,-,,Col E: #ERROR! | Col G: #ERROR!,-,#ERROR!,-,#ERROR!,FORMULA_CALCULATION_FAILURE,None,ไม่สามารถยืนยันราคาโปร,BLOCKED_INVALID,SOURCE_FORMULA_ERROR
ACC-ERR-R81,-,,Col E: #ERROR! | Col G: #ERROR!,-,#ERROR!,-,#ERROR!,FORMULA_CALCULATION_FAILURE,None,ไม่สามารถยืนยันราคาโปร,BLOCKED_INVALID,SOURCE_FORMULA_ERROR
ACC-ERR-R82,-,,Col E: #ERROR! | Col G: #ERROR!,-,#ERROR!,-,#ERROR!,FORMULA_CALCULATION_FAILURE,None,ไม่สามารถยืนยันราคาโปร,BLOCKED_INVALID,SOURCE_FORMULA_ERROR
ACC-ERR-R83,-,,Col E: #ERROR! | Col G: #ERROR!,-,#ERROR!,-,#ERROR!,FORMULA_CALCULATION_FAILURE,None,ไม่สามารถยืนยันราคาโปร,BLOCKED_INVALID,SOURCE_FORMULA_ERROR
ACC-ERR-R84,-,,Col E: #ERROR! | Col G: #ERROR!,-,#ERROR!,-,#ERROR!,FORMULA_CALCULATION_FAILURE,None,ไม่สามารถยืนยันราคาโปร,BLOCKED_INVALID,SOURCE_FORMULA_ERROR
ACC-ERR-R85,-,,Col E: #ERROR! | Col G: #ERROR!,-,#ERROR!,-,#ERROR!,FORMULA_CALCULATION_FAILURE,None,ไม่สามารถยืนยันราคาโปร,BLOCKED_INVALID,SOURCE_FORMULA_ERROR
ACC-ERR-R86,-,,Col E: #ERROR! | Col G: #ERROR!,-,#ERROR!,-,#ERROR!,FORMULA_CALCULATION_FAILURE,None,ไม่สามารถยืนยันราคาโปร,BLOCKED_INVALID,SOURCE_FORMULA_ERROR
ACC-ERR-R87,-,,Col E: #ERROR! | Col G: #ERROR!,-,#ERROR!,-,#ERROR!,FORMULA_CALCULATION_FAILURE,None,ไม่สามารถยืนยันราคาโปร,BLOCKED_INVALID,SOURCE_FORMULA_ERROR
ACC-ERR-R88,-,,Col E: #ERROR! | Col G: #ERROR!,-,#ERROR!,-,#ERROR!,FORMULA_CALCULATION_FAILURE,None,ไม่สามารถยืนยันราคาโปร,BLOCKED_INVALID,SOURCE_FORMULA_ERROR
ACC-ERR-R89,-,,Col E: #ERROR! | Col G: #ERROR!,-,#ERROR!,-,#ERROR!,FORMULA_CALCULATION_FAILURE,None,ไม่สามารถยืนยันราคาโปร,BLOCKED_INVALID,SOURCE_FORMULA_ERROR
ACC-ERR-R90,-,,Col E: #ERROR! | Col G: #ERROR!,-,#ERROR!,-,#ERROR!,FORMULA_CALCULATION_FAILURE,None,ไม่สามารถยืนยันราคาโปร,BLOCKED_INVALID,SOURCE_FORMULA_ERROR
ACC-ERR-R91,-,,Col E: #ERROR! | Col G: #ERROR!,-,#ERROR!,-,#ERROR!,FORMULA_CALCULATION_FAILURE,None,ไม่สามารถยืนยันราคาโปร,BLOCKED_INVALID,SOURCE_FORMULA_ERROR
ACC-ERR-R92,-,,Col E: #ERROR! | Col G: #ERROR!,-,#ERROR!,-,#ERROR!,FORMULA_CALCULATION_FAILURE,None,ไม่สามารถยืนยันราคาโปร,BLOCKED_INVALID,SOURCE_FORMULA_ERROR
ACC-ERR-R93,-,,Col E: #ERROR! | Col G: #ERROR!,-,#ERROR!,-,#ERROR!,FORMULA_CALCULATION_FAILURE,None,ไม่สามารถยืนยันราคาโปร,BLOCKED_INVALID,SOURCE_FORMULA_ERROR
ACC-ERR-R94,-,,Col E: #ERROR! | Col G: #ERROR!,-,#ERROR!,-,#ERROR!,FORMULA_CALCULATION_FAILURE,None,ไม่สามารถยืนยันราคาโปร,BLOCKED_INVALID,SOURCE_FORMULA_ERROR
ACC-ERR-R95,-,,Col E: #ERROR! | Col G: #ERROR!,-,#ERROR!,-,#ERROR!,FORMULA_CALCULATION_FAILURE,None,ไม่สามารถยืนยันราคาโปร,BLOCKED_INVALID,SOURCE_FORMULA_ERROR
ACC-ERR-R96,-,,Col E: #ERROR! | Col G: #ERROR!,-,#ERROR!,-,#ERROR!,FORMULA_CALCULATION_FAILURE,None,ไม่สามารถยืนยันราคาโปร,BLOCKED_INVALID,SOURCE_FORMULA_ERROR
ACC-ERR-R97,-,,Col E: #ERROR! | Col G: #ERROR!,-,#ERROR!,-,#ERROR!,FORMULA_CALCULATION_FAILURE,None,ไม่สามารถยืนยันราคาโปร,BLOCKED_INVALID,SOURCE_FORMULA_ERROR
ACC-ERR-R98,-,,Col E: #ERROR! | Col G: #ERROR!,-,#ERROR!,-,#ERROR!,FORMULA_CALCULATION_FAILURE,None,ไม่สามารถยืนยันราคาโปร,BLOCKED_INVALID,SOURCE_FORMULA_ERROR
ACC-ERR-R99,-,,Col E: #ERROR! | Col G: #ERROR!,-,#ERROR!,-,#ERROR!,FORMULA_CALCULATION_FAILURE,None,ไม่สามารถยืนยันราคาโปร,BLOCKED_INVALID,SOURCE_FORMULA_ERROR
ACC-ERR-R100,-,,Col E: #ERROR! | Col G: #ERROR!,-,#ERROR!,-,#ERROR!,FORMULA_CALCULATION_FAILURE,None,ไม่สามารถยืนยันราคาโปร,BLOCKED_INVALID,SOURCE_FORMULA_ERROR
ACC-ERR-R101,-,,Col E: #ERROR! | Col G: #ERROR!,-,#ERROR!,-,#ERROR!,FORMULA_CALCULATION_FAILURE,None,ไม่สามารถยืนยันราคาโปร,BLOCKED_INVALID,SOURCE_FORMULA_ERROR
ACC-ERR-R102,-,,Col E: #ERROR! | Col G: #ERROR!,-,#ERROR!,-,#ERROR!,FORMULA_CALCULATION_FAILURE,None,ไม่สามารถยืนยันราคาโปร,BLOCKED_INVALID,SOURCE_FORMULA_ERROR
ACC-ERR-R103,-,,Col E: #ERROR! | Col G: #ERROR!,-,#ERROR!,-,#ERROR!,FORMULA_CALCULATION_FAILURE,None,ไม่สามารถยืนยันราคาโปร,BLOCKED_INVALID,SOURCE_FORMULA_ERROR
ACC-ERR-R104,-,,Col E: #ERROR! | Col G: #ERROR!,-,#ERROR!,-,#ERROR!,FORMULA_CALCULATION_FAILURE,None,ไม่สามารถยืนยันราคาโปร,BLOCKED_INVALID,SOURCE_FORMULA_ERROR
ACC-ERR-R105,-,,Col E: #ERROR! | Col G: #ERROR!,-,#ERROR!,-,#ERROR!,FORMULA_CALCULATION_FAILURE,None,ไม่สามารถยืนยันราคาโปร,BLOCKED_INVALID,SOURCE_FORMULA_ERROR
ACC-ERR-R106,-,,Col E: #ERROR! | Col G: #ERROR!,-,#ERROR!,-,#ERROR!,FORMULA_CALCULATION_FAILURE,None,ไม่สามารถยืนยันราคาโปร,BLOCKED_INVALID,SOURCE_FORMULA_ERROR
ACC-ERR-R107,-,,Col E: #ERROR! | Col G: #ERROR!,-,#ERROR!,-,#ERROR!,FORMULA_CALCULATION_FAILURE,None,ไม่สามารถยืนยันราคาโปร,BLOCKED_INVALID,SOURCE_FORMULA_ERROR
ACC-ERR-R108,-,,Col E: #ERROR! | Col G: #ERROR!,-,#ERROR!,-,#ERROR!,FORMULA_CALCULATION_FAILURE,None,ไม่สามารถยืนยันราคาโปร,BLOCKED_INVALID,SOURCE_FORMULA_ERROR
ACC-ERR-R109,-,,Col E: #ERROR! | Col G: #ERROR!,-,#ERROR!,-,#ERROR!,FORMULA_CALCULATION_FAILURE,None,ไม่สามารถยืนยันราคาโปร,BLOCKED_INVALID,SOURCE_FORMULA_ERROR
ACC-ERR-R110,-,,Col E: #ERROR! | Col G: #ERROR!,-,#ERROR!,-,#ERROR!,FORMULA_CALCULATION_FAILURE,None,ไม่สามารถยืนยันราคาโปร,BLOCKED_INVALID,SOURCE_FORMULA_ERROR
ACC-ERR-R111,-,,Col E: #ERROR! | Col G: #ERROR!,-,#ERROR!,-,#ERROR!,FORMULA_CALCULATION_FAILURE,None,ไม่สามารถยืนยันราคาโปร,BLOCKED_INVALID,SOURCE_FORMULA_ERROR
ACC-ERR-R112,-,,Col E: #ERROR! | Col G: #ERROR!,-,#ERROR!,-,#ERROR!,FORMULA_CALCULATION_FAILURE,None,ไม่สามารถยืนยันราคาโปร,BLOCKED_INVALID,SOURCE_FORMULA_ERROR
ACC-ERR-R113,-,,Col E: #ERROR! | Col G: #ERROR!,-,#ERROR!,-,#ERROR!,FORMULA_CALCULATION_FAILURE,None,ไม่สามารถยืนยันราคาโปร,BLOCKED_INVALID,SOURCE_FORMULA_ERROR
ACC-ERR-R114,-,,Col E: #ERROR! | Col G: #ERROR!,-,#ERROR!,-,#ERROR!,FORMULA_CALCULATION_FAILURE,None,ไม่สามารถยืนยันราคาโปร,BLOCKED_INVALID,SOURCE_FORMULA_ERROR
ACC-ERR-R115,-,,Col E: #ERROR! | Col G: #ERROR!,-,#ERROR!,-,#ERROR!,FORMULA_CALCULATION_FAILURE,None,ไม่สามารถยืนยันราคาโปร,BLOCKED_INVALID,SOURCE_FORMULA_ERROR
ACC-ERR-R116,-,,Col E: #ERROR! | Col G: #ERROR!,-,#ERROR!,-,#ERROR!,FORMULA_CALCULATION_FAILURE,None,ไม่สามารถยืนยันราคาโปร,BLOCKED_INVALID,SOURCE_FORMULA_ERROR
ACC-ERR-R117,-,,Col E: #ERROR! | Col G: #ERROR!,-,#ERROR!,-,#ERROR!,FORMULA_CALCULATION_FAILURE,None,ไม่สามารถยืนยันราคาโปร,BLOCKED_INVALID,SOURCE_FORMULA_ERROR
ACC-ERR-R118,-,,Col E: #ERROR! | Col G: #ERROR!,-,#ERROR!,-,#ERROR!,FORMULA_CALCULATION_FAILURE,None,ไม่สามารถยืนยันราคาโปร,BLOCKED_INVALID,SOURCE_FORMULA_ERROR
ACC-ERR-R119,-,,Col E: #ERROR! | Col G: #ERROR!,-,#ERROR!,-,#ERROR!,FORMULA_CALCULATION_FAILURE,None,ไม่สามารถยืนยันราคาโปร,BLOCKED_INVALID,SOURCE_FORMULA_ERROR
ACC-ERR-R120,-,,Col E: #ERROR! | Col G: #ERROR!,-,#ERROR!,-,#ERROR!,FORMULA_CALCULATION_FAILURE,None,ไม่สามารถยืนยันราคาโปร,BLOCKED_INVALID,SOURCE_FORMULA_ERROR
ACC-ERR-R121,-,,Col E: #ERROR! | Col G: #ERROR!,-,#ERROR!,-,#ERROR!,FORMULA_CALCULATION_FAILURE,None,ไม่สามารถยืนยันราคาโปร,BLOCKED_INVALID,SOURCE_FORMULA_ERROR
ACC-ERR-R122,-,,Col E: #ERROR! | Col G: #ERROR!,-,#ERROR!,-,#ERROR!,FORMULA_CALCULATION_FAILURE,None,ไม่สามารถยืนยันราคาโปร,BLOCKED_INVALID,SOURCE_FORMULA_ERROR
ACC-ERR-R123,-,,Col E: #ERROR! | Col G: #ERROR!,-,#ERROR!,-,#ERROR!,FORMULA_CALCULATION_FAILURE,None,ไม่สามารถยืนยันราคาโปร,BLOCKED_INVALID,SOURCE_FORMULA_ERROR
ACC-ERR-R124,-,,Col E: #ERROR! | Col G: #ERROR!,-,#ERROR!,-,#ERROR!,FORMULA_CALCULATION_FAILURE,None,ไม่สามารถยืนยันราคาโปร,BLOCKED_INVALID,SOURCE_FORMULA_ERROR
ACC-ERR-R125,-,,Col E: #ERROR! | Col G: #ERROR!,-,#ERROR!,-,#ERROR!,FORMULA_CALCULATION_FAILURE,None,ไม่สามารถยืนยันราคาโปร,BLOCKED_INVALID,SOURCE_FORMULA_ERROR
ACC-ERR-R126,-,,Col E: #ERROR! | Col G: #ERROR!,-,#ERROR!,-,#ERROR!,FORMULA_CALCULATION_FAILURE,None,ไม่สามารถยืนยันราคาโปร,BLOCKED_INVALID,SOURCE_FORMULA_ERROR
ACC-ERR-R127,-,,Col E: #ERROR! | Col G: #ERROR!,-,#ERROR!,-,#ERROR!,FORMULA_CALCULATION_FAILURE,None,ไม่สามารถยืนยันราคาโปร,BLOCKED_INVALID,SOURCE_FORMULA_ERROR
ACC-ERR-R128,-,,Col E: #ERROR! | Col G: #ERROR!,-,#ERROR!,-,#ERROR!,FORMULA_CALCULATION_FAILURE,None,ไม่สามารถยืนยันราคาโปร,BLOCKED_INVALID,SOURCE_FORMULA_ERROR
ACC-ERR-R129,-,,Col E: #ERROR! | Col G: #ERROR!,-,#ERROR!,-,#ERROR!,FORMULA_CALCULATION_FAILURE,None,ไม่สามารถยืนยันราคาโปร,BLOCKED_INVALID,SOURCE_FORMULA_ERROR
ACC-ERR-R130,-,,Col E: #ERROR! | Col G: #ERROR!,-,#ERROR!,-,#ERROR!,FORMULA_CALCULATION_FAILURE,None,ไม่สามารถยืนยันราคาโปร,BLOCKED_INVALID,SOURCE_FORMULA_ERROR
ACC-ERR-R131,-,,Col E: #ERROR! | Col G: #ERROR!,-,#ERROR!,-,#ERROR!,FORMULA_CALCULATION_FAILURE,None,ไม่สามารถยืนยันราคาโปร,BLOCKED_INVALID,SOURCE_FORMULA_ERROR
ACC-ERR-R132,-,,Col E: #ERROR! | Col G: #ERROR!,-,#ERROR!,-,#ERROR!,FORMULA_CALCULATION_FAILURE,None,ไม่สามารถยืนยันราคาโปร,BLOCKED_INVALID,SOURCE_FORMULA_ERROR
ACC-ERR-R133,-,,Col E: #ERROR! | Col G: #ERROR!,-,#ERROR!,-,#ERROR!,FORMULA_CALCULATION_FAILURE,None,ไม่สามารถยืนยันราคาโปร,BLOCKED_INVALID,SOURCE_FORMULA_ERROR
ACC-ERR-R134,-,,Col E: #ERROR! | Col G: #ERROR!,-,#ERROR!,-,#ERROR!,FORMULA_CALCULATION_FAILURE,None,ไม่สามารถยืนยันราคาโปร,BLOCKED_INVALID,SOURCE_FORMULA_ERROR
ACC-ERR-R135,-,,Col E: #ERROR! | Col G: #ERROR!,-,#ERROR!,-,#ERROR!,FORMULA_CALCULATION_FAILURE,None,ไม่สามารถยืนยันราคาโปร,BLOCKED_INVALID,SOURCE_FORMULA_ERROR
ACC-ERR-R136,-,,Col E: #ERROR! | Col G: #ERROR!,-,#ERROR!,-,#ERROR!,FORMULA_CALCULATION_FAILURE,None,ไม่สามารถยืนยันราคาโปร,BLOCKED_INVALID,SOURCE_FORMULA_ERROR
ACC-ERR-R137,-,,Col E: #ERROR! | Col G: #ERROR!,-,#ERROR!,-,#ERROR!,FORMULA_CALCULATION_FAILURE,None,ไม่สามารถยืนยันราคาโปร,BLOCKED_INVALID,SOURCE_FORMULA_ERROR
ACC-ERR-R138,-,,Col E: #ERROR! | Col G: #ERROR!,-,#ERROR!,-,#ERROR!,FORMULA_CALCULATION_FAILURE,None,ไม่สามารถยืนยันราคาโปร,BLOCKED_INVALID,SOURCE_FORMULA_ERROR
ACC-ERR-R139,-,,Col E: #ERROR! | Col G: #ERROR!,-,#ERROR!,-,#ERROR!,FORMULA_CALCULATION_FAILURE,None,ไม่สามารถยืนยันราคาโปร,BLOCKED_INVALID,SOURCE_FORMULA_ERROR
ACC-ERR-R140,-,,Col E: #ERROR! | Col G: #ERROR!,-,#ERROR!,-,#ERROR!,FORMULA_CALCULATION_FAILURE,None,ไม่สามารถยืนยันราคาโปร,BLOCKED_INVALID,SOURCE_FORMULA_ERROR
ACC-ERR-R141,-,,Col E: #ERROR! | Col G: #ERROR!,-,#ERROR!,-,#ERROR!,FORMULA_CALCULATION_FAILURE,None,ไม่สามารถยืนยันราคาโปร,BLOCKED_INVALID,SOURCE_FORMULA_ERROR
ACC-ERR-R142,-,,Col E: #ERROR! | Col G: #ERROR!,-,#ERROR!,-,#ERROR!,FORMULA_CALCULATION_FAILURE,None,ไม่สามารถยืนยันราคาโปร,BLOCKED_INVALID,SOURCE_FORMULA_ERROR
ACC-ERR-R143,-,,Col E: #ERROR! | Col G: #ERROR!,-,#ERROR!,-,#ERROR!,FORMULA_CALCULATION_FAILURE,None,ไม่สามารถยืนยันราคาโปร,BLOCKED_INVALID,SOURCE_FORMULA_ERROR
ACC-ERR-R144,-,,Col E: #ERROR! | Col G: #ERROR!,-,#ERROR!,-,#ERROR!,FORMULA_CALCULATION_FAILURE,None,ไม่สามารถยืนยันราคาโปร,BLOCKED_INVALID,SOURCE_FORMULA_ERROR
