Variant ID,Previous Status,Current Status,Status Changed,Reason,Error Code,Source File,Source Sheet,Source Row
RET-อัพเดท-R4-SF_PLUS,WARNING,WARNING,NO,คงสถานะตามผลการตรวจ 2D Header-Guided,-,Aug_ 2026 Promotion Retail_Shop Samsung .xlsx,อัพเดท 28 Aug - 6 Sep ล่าสุด,4
RET-อัพเดท-R4-TRADEUP,WARNING,WARNING,NO,คงสถานะตามผลการตรวจ 2D Header-Guided,-,Aug_ 2026 Promotion Retail_Shop Samsung .xlsx,อัพเดท 28 Aug - 6 Sep ล่าสุด,4
RET-อัพเดท-R4-FLASHSALE,EXPIRED,EXPIRED,NO,คงสถานะตามผลการตรวจ 2D Header-Guided,-,Aug_ 2026 Promotion Retail_Shop Samsung .xlsx,อัพเดท 28 Aug - 6 Sep ล่าสุด,4
RET-อัพเดท-R5-SF_PLUS,WARNING,WARNING,NO,คงสถานะตามผลการตรวจ 2D Header-Guided,-,Aug_ 2026 Promotion Retail_Shop Samsung .xlsx,อัพเดท 28 Aug - 6 Sep ล่าสุด,5
RET-อัพเดท-R5-TRADEUP,WARNING,WARNING,NO,คงสถานะตามผลการตรวจ 2D Header-Guided,-,Aug_ 2026 Promotion Retail_Shop Samsung .xlsx,อัพเดท 28 Aug - 6 Sep ล่าสุด,5
RET-อัพเดท-R5-STUDENT,WARNING,WARNING,NO,คงสถานะตามผลการตรวจ 2D Header-Guided,-,Aug_ 2026 Promotion Retail_Shop Samsung .xlsx,อัพเดท 28 Aug - 6 Sep ล่าสุด,5
RET-อัพเดท-R5-FLASHSALE,EXPIRED,EXPIRED,NO,คงสถานะตามผลการตรวจ 2D Header-Guided,-,Aug_ 2026 Promotion Retail_Shop Samsung .xlsx,อัพเดท 28 Aug - 6 Sep ล่าสุด,5
RET-อัพเดท-R6-SF_PLUS,WARNING,WARNING,NO,คงสถานะตามผลการตรวจ 2D Header-Guided,-,Aug_ 2026 Promotion Retail_Shop Samsung .xlsx,อัพเดท 28 Aug - 6 Sep ล่าสุด,6
RET-อัพเดท-R6-TRADEUP,WARNING,WARNING,NO,คงสถานะตามผลการตรวจ 2D Header-Guided,-,Aug_ 2026 Promotion Retail_Shop Samsung .xlsx,อัพเดท 28 Aug - 6 Sep ล่าสุด,6
RET-อัพเดท-R6-STUDENT,WARNING,WARNING,NO,คงสถานะตามผลการตรวจ 2D Header-Guided,-,Aug_ 2026 Promotion Retail_Shop Samsung .xlsx,อัพเดท 28 Aug - 6 Sep ล่าสุด,6
RET-อัพเดท-R6-FLASHSALE,EXPIRED,EXPIRED,NO,คงสถานะตามผลการตรวจ 2D Header-Guided,-,Aug_ 2026 Promotion Retail_Shop Samsung .xlsx,อัพเดท 28 Aug - 6 Sep ล่าสุด,6
RET-อัพเดท-R7-SF_PLUS,WARNING,WARNING,NO,คงสถานะตามผลการตรวจ 2D Header-Guided,-,Aug_ 2026 Promotion Retail_Shop Samsung .xlsx,อัพเดท 28 Aug - 6 Sep ล่าสุด,7
RET-อัพเดท-R8-SF_PLUS,WARNING,WARNING,NO,คงสถานะตามผลการตรวจ 2D Header-Guided,-,Aug_ 2026 Promotion Retail_Shop Samsung .xlsx,อัพเดท 28 Aug - 6 Sep ล่าสุด,8
RET-อัพเดท-R9-SF_PLUS,WARNING,WARNING,NO,คงสถานะตามผลการตรวจ 2D Header-Guided,-,Aug_ 2026 Promotion Retail_Shop Samsung .xlsx,อัพเดท 28 Aug - 6 Sep ล่าสุด,9
RET-อัพเดท-R10-SF_PLUS,WARNING,WARNING,NO,คงสถานะตามผลการตรวจ 2D Header-Guided,-,Aug_ 2026 Promotion Retail_Shop Samsung .xlsx,อัพเดท 28 Aug - 6 Sep ล่าสุด,10
RET-อัพเดท-R11-SF_PLUS,WARNING,WARNING,NO,คงสถานะตามผลการตรวจ 2D Header-Guided,-,Aug_ 2026 Promotion Retail_Shop Samsung .xlsx,อัพเดท 28 Aug - 6 Sep ล่าสุด,11
RET-อัพเดท-R12-SF_PLUS,WARNING,WARNING,NO,คงสถานะตามผลการตรวจ 2D Header-Guided,-,Aug_ 2026 Promotion Retail_Shop Samsung .xlsx,อัพเดท 28 Aug - 6 Sep ล่าสุด,12
RET-อัพเดท-R14-SF_PLUS,WARNING,WARNING,NO,คงสถานะตามผลการตรวจ 2D Header-Guided,-,Aug_ 2026 Promotion Retail_Shop Samsung .xlsx,อัพเดท 28 Aug - 6 Sep ล่าสุด,14
RET-อัพเดท-R14-STUDENT,WARNING,WARNING,NO,คงสถานะตามผลการตรวจ 2D Header-Guided,-,Aug_ 2026 Promotion Retail_Shop Samsung .xlsx,อัพเดท 28 Aug - 6 Sep ล่าสุด,14
RET-อัพเดท-R15-SF_PLUS,WARNING,WARNING,NO,คงสถานะตามผลการตรวจ 2D Header-Guided,-,Aug_ 2026 Promotion Retail_Shop Samsung .xlsx,อัพเดท 28 Aug - 6 Sep ล่าสุด,15
RET-อัพเดท-R15-STUDENT,WARNING,WARNING,NO,คงสถานะตามผลการตรวจ 2D Header-Guided,-,Aug_ 2026 Promotion Retail_Shop Samsung .xlsx,อัพเดท 28 Aug - 6 Sep ล่าสุด,15
RET-อัพเดท-R16-STANDARD_PAYMENT,WARNING,WARNING,NO,คงสถานะตามผลการตรวจ 2D Header-Guided,-,Aug_ 2026 Promotion Retail_Shop Samsung .xlsx,อัพเดท 28 Aug - 6 Sep ล่าสุด,16
RET-อัพเดท-R17-STANDARD_PAYMENT,WARNING,WARNING,NO,คงสถานะตามผลการตรวจ 2D Header-Guided,-,Aug_ 2026 Promotion Retail_Shop Samsung .xlsx,อัพเดท 28 Aug - 6 Sep ล่าสุด,17
RET-อัพเดท-R18-TRADEUP,WARNING,WARNING,NO,คงสถานะตามผลการตรวจ 2D Header-Guided,-,Aug_ 2026 Promotion Retail_Shop Samsung .xlsx,อัพเดท 28 Aug - 6 Sep ล่าสุด,18
RET-อัพเดท-R19-TRADEUP,WARNING,WARNING,NO,คงสถานะตามผลการตรวจ 2D Header-Guided,-,Aug_ 2026 Promotion Retail_Shop Samsung .xlsx,อัพเดท 28 Aug - 6 Sep ล่าสุด,19
RET-อัพเดท-R20-TRADEUP,WARNING,WARNING,NO,คงสถานะตามผลการตรวจ 2D Header-Guided,-,Aug_ 2026 Promotion Retail_Shop Samsung .xlsx,อัพเดท 28 Aug - 6 Sep ล่าสุด,20
RET-อัพเดท-R21-TRADEUP,WARNING,WARNING,NO,คงสถานะตามผลการตรวจ 2D Header-Guided,-,Aug_ 2026 Promotion Retail_Shop Samsung .xlsx,อัพเดท 28 Aug - 6 Sep ล่าสุด,21
RET-อัพเดท-R22-TRADEUP,WARNING,WARNING,NO,คงสถานะตามผลการตรวจ 2D Header-Guided,-,Aug_ 2026 Promotion Retail_Shop Samsung .xlsx,อัพเดท 28 Aug - 6 Sep ล่าสุด,22
RET-อัพเดท-R23-TRADEUP,WARNING,WARNING,NO,คงสถานะตามผลการตรวจ 2D Header-Guided,-,Aug_ 2026 Promotion Retail_Shop Samsung .xlsx,อัพเดท 28 Aug - 6 Sep ล่าสุด,23
RET-อัพเดท-R24-TRADEUP,BLOCKED_INVALID,BLOCKED_INVALID,NO,คงสถานะตามผลการตรวจ 2D Header-Guided,PRICE_EQUATION_MISMATCH,Aug_ 2026 Promotion Retail_Shop Samsung .xlsx,อัพเดท 28 Aug - 6 Sep ล่าสุด,24
RET-อัพเดท-R25-TRADEUP,BLOCKED_INVALID,BLOCKED_INVALID,NO,คงสถานะตามผลการตรวจ 2D Header-Guided,PRICE_EQUATION_MISMATCH,Aug_ 2026 Promotion Retail_Shop Samsung .xlsx,อัพเดท 28 Aug - 6 Sep ล่าสุด,25
RET-อัพเดท-R26-SF_PLUS,WARNING,WARNING,NO,คงสถานะตามผลการตรวจ 2D Header-Guided,-,Aug_ 2026 Promotion Retail_Shop Samsung .xlsx,อัพเดท 28 Aug - 6 Sep ล่าสุด,26
RET-อัพเดท-R27-SF_PLUS,WARNING,WARNING,NO,คงสถานะตามผลการตรวจ 2D Header-Guided,-,Aug_ 2026 Promotion Retail_Shop Samsung .xlsx,อัพเดท 28 Aug - 6 Sep ล่าสุด,27
RET-อัพเดท-R28-SF_PLUS,WARNING,WARNING,NO,คงสถานะตามผลการตรวจ 2D Header-Guided,-,Aug_ 2026 Promotion Retail_Shop Samsung .xlsx,อัพเดท 28 Aug - 6 Sep ล่าสุด,28
RET-อัพเดท-R29-SF_PLUS,WARNING,WARNING,NO,คงสถานะตามผลการตรวจ 2D Header-Guided,-,Aug_ 2026 Promotion Retail_Shop Samsung .xlsx,อัพเดท 28 Aug - 6 Sep ล่าสุด,29
RET-อัพเดท-R30-SF_PLUS,WARNING,WARNING,NO,คงสถานะตามผลการตรวจ 2D Header-Guided,-,Aug_ 2026 Promotion Retail_Shop Samsung .xlsx,อัพเดท 28 Aug - 6 Sep ล่าสุด,30
RET-อัพเดท-R31-SF_PLUS,WARNING,WARNING,NO,คงสถานะตามผลการตรวจ 2D Header-Guided,-,Aug_ 2026 Promotion Retail_Shop Samsung .xlsx,อัพเดท 28 Aug - 6 Sep ล่าสุด,31
RET-อัพเดท-R31-STUDENT,WARNING,WARNING,NO,คงสถานะตามผลการตรวจ 2D Header-Guided,-,Aug_ 2026 Promotion Retail_Shop Samsung .xlsx,อัพเดท 28 Aug - 6 Sep ล่าสุด,31
RET-อัพเดท-R32-SF_PLUS,WARNING,WARNING,NO,คงสถานะตามผลการตรวจ 2D Header-Guided,-,Aug_ 2026 Promotion Retail_Shop Samsung .xlsx,อัพเดท 28 Aug - 6 Sep ล่าสุด,32
RET-อัพเดท-R32-STUDENT,WARNING,WARNING,NO,คงสถานะตามผลการตรวจ 2D Header-Guided,-,Aug_ 2026 Promotion Retail_Shop Samsung .xlsx,อัพเดท 28 Aug - 6 Sep ล่าสุด,32
RET-อัพเดท-R33-SF_PLUS,WARNING,WARNING,NO,คงสถานะตามผลการตรวจ 2D Header-Guided,-,Aug_ 2026 Promotion Retail_Shop Samsung .xlsx,อัพเดท 28 Aug - 6 Sep ล่าสุด,33
RET-อัพเดท-R33-STUDENT,WARNING,WARNING,NO,คงสถานะตามผลการตรวจ 2D Header-Guided,-,Aug_ 2026 Promotion Retail_Shop Samsung .xlsx,อัพเดท 28 Aug - 6 Sep ล่าสุด,33
RET-อัพเดท-R34-STANDARD_PAYMENT,WARNING,WARNING,NO,คงสถานะตามผลการตรวจ 2D Header-Guided,-,Aug_ 2026 Promotion Retail_Shop Samsung .xlsx,อัพเดท 28 Aug - 6 Sep ล่าสุด,34
RET-อัพเดท-R34-STUDENT,WARNING,WARNING,NO,คงสถานะตามผลการตรวจ 2D Header-Guided,-,Aug_ 2026 Promotion Retail_Shop Samsung .xlsx,อัพเดท 28 Aug - 6 Sep ล่าสุด,34
RET-อัพเดท-R35-STANDARD_PAYMENT,WARNING,WARNING,NO,คงสถานะตามผลการตรวจ 2D Header-Guided,-,Aug_ 2026 Promotion Retail_Shop Samsung .xlsx,อัพเดท 28 Aug - 6 Sep ล่าสุด,35
RET-อัพเดท-R35-STUDENT,WARNING,WARNING,NO,คงสถานะตามผลการตรวจ 2D Header-Guided,-,Aug_ 2026 Promotion Retail_Shop Samsung .xlsx,อัพเดท 28 Aug - 6 Sep ล่าสุด,35
RET-อัพเดท-R36-STANDARD_PAYMENT,WARNING,WARNING,NO,คงสถานะตามผลการตรวจ 2D Header-Guided,-,Aug_ 2026 Promotion Retail_Shop Samsung .xlsx,อัพเดท 28 Aug - 6 Sep ล่าสุด,36
RET-อัพเดท-R36-STUDENT,WARNING,WARNING,NO,คงสถานะตามผลการตรวจ 2D Header-Guided,-,Aug_ 2026 Promotion Retail_Shop Samsung .xlsx,อัพเดท 28 Aug - 6 Sep ล่าสุด,36
RET-อัพเดท-R37-SF_PLUS,WARNING,WARNING,NO,คงสถานะตามผลการตรวจ 2D Header-Guided,-,Aug_ 2026 Promotion Retail_Shop Samsung .xlsx,อัพเดท 28 Aug - 6 Sep ล่าสุด,37
RET-อัพเดท-R37-STUDENT,WARNING,WARNING,NO,คงสถานะตามผลการตรวจ 2D Header-Guided,-,Aug_ 2026 Promotion Retail_Shop Samsung .xlsx,อัพเดท 28 Aug - 6 Sep ล่าสุด,37
RET-อัพเดท-R38-SF_PLUS,WARNING,WARNING,NO,คงสถานะตามผลการตรวจ 2D Header-Guided,-,Aug_ 2026 Promotion Retail_Shop Samsung .xlsx,อัพเดท 28 Aug - 6 Sep ล่าสุด,38
RET-อัพเดท-R39-SF_PLUS,WARNING,WARNING,NO,คงสถานะตามผลการตรวจ 2D Header-Guided,-,Aug_ 2026 Promotion Retail_Shop Samsung .xlsx,อัพเดท 28 Aug - 6 Sep ล่าสุด,39
RET-อัพเดท-R39-STUDENT,WARNING,WARNING,NO,คงสถานะตามผลการตรวจ 2D Header-Guided,-,Aug_ 2026 Promotion Retail_Shop Samsung .xlsx,อัพเดท 28 Aug - 6 Sep ล่าสุด,39
RET-อัพเดท-R39-FLASHSALE,EXPIRED,EXPIRED,NO,คงสถานะตามผลการตรวจ 2D Header-Guided,-,Aug_ 2026 Promotion Retail_Shop Samsung .xlsx,อัพเดท 28 Aug - 6 Sep ล่าสุด,39
RET-อัพเดท-R40-SF_PLUS,WARNING,WARNING,NO,คงสถานะตามผลการตรวจ 2D Header-Guided,-,Aug_ 2026 Promotion Retail_Shop Samsung .xlsx,อัพเดท 28 Aug - 6 Sep ล่าสุด,40
RET-อัพเดท-R41-SF_PLUS,WARNING,WARNING,NO,คงสถานะตามผลการตรวจ 2D Header-Guided,-,Aug_ 2026 Promotion Retail_Shop Samsung .xlsx,อัพเดท 28 Aug - 6 Sep ล่าสุด,41
RET-อัพเดท-R42-STUDENT,WARNING,WARNING,NO,คงสถานะตามผลการตรวจ 2D Header-Guided,-,Aug_ 2026 Promotion Retail_Shop Samsung .xlsx,อัพเดท 28 Aug - 6 Sep ล่าสุด,42
RET-อัพเดท-R43-STANDARD_PAYMENT,WARNING,WARNING,NO,คงสถานะตามผลการตรวจ 2D Header-Guided,-,Aug_ 2026 Promotion Retail_Shop Samsung .xlsx,อัพเดท 28 Aug - 6 Sep ล่าสุด,43
RET-อัพเดท-R43-STUDENT,WARNING,WARNING,NO,คงสถานะตามผลการตรวจ 2D Header-Guided,-,Aug_ 2026 Promotion Retail_Shop Samsung .xlsx,อัพเดท 28 Aug - 6 Sep ล่าสุด,43
RET-อัพเดท-R44-SF_PLUS,WARNING,WARNING,NO,คงสถานะตามผลการตรวจ 2D Header-Guided,-,Aug_ 2026 Promotion Retail_Shop Samsung .xlsx,อัพเดท 28 Aug - 6 Sep ล่าสุด,44
RET-อัพเดท-R45-SF_PLUS,WARNING,WARNING,NO,คงสถานะตามผลการตรวจ 2D Header-Guided,-,Aug_ 2026 Promotion Retail_Shop Samsung .xlsx,อัพเดท 28 Aug - 6 Sep ล่าสุด,45
RET-อัพเดท-R46-SF_PLUS,WARNING,WARNING,NO,คงสถานะตามผลการตรวจ 2D Header-Guided,-,Aug_ 2026 Promotion Retail_Shop Samsung .xlsx,อัพเดท 28 Aug - 6 Sep ล่าสุด,46
RET-19 -27-R4-SF_PLUS,EXPIRED,EXPIRED,NO,คงสถานะตามผลการตรวจ 2D Header-Guided,-,Aug_ 2026 Promotion Retail_Shop Samsung .xlsx,19 -27  Aug,4
RET-19 -27-R4-TRADEUP,EXPIRED,EXPIRED,NO,คงสถานะตามผลการตรวจ 2D Header-Guided,-,Aug_ 2026 Promotion Retail_Shop Samsung .xlsx,19 -27  Aug,4
RET-19 -27-R4-FLASHSALE,EXPIRED,EXPIRED,NO,คงสถานะตามผลการตรวจ 2D Header-Guided,-,Aug_ 2026 Promotion Retail_Shop Samsung .xlsx,19 -27  Aug,4
RET-19 -27-R5-SF_PLUS,EXPIRED,EXPIRED,NO,คงสถานะตามผลการตรวจ 2D Header-Guided,-,Aug_ 2026 Promotion Retail_Shop Samsung .xlsx,19 -27  Aug,5
RET-19 -27-R5-TRADEUP,EXPIRED,EXPIRED,NO,คงสถานะตามผลการตรวจ 2D Header-Guided,-,Aug_ 2026 Promotion Retail_Shop Samsung .xlsx,19 -27  Aug,5
RET-19 -27-R5-STUDENT,EXPIRED,EXPIRED,NO,คงสถานะตามผลการตรวจ 2D Header-Guided,-,Aug_ 2026 Promotion Retail_Shop Samsung .xlsx,19 -27  Aug,5
RET-19 -27-R5-FLASHSALE,EXPIRED,EXPIRED,NO,คงสถานะตามผลการตรวจ 2D Header-Guided,-,Aug_ 2026 Promotion Retail_Shop Samsung .xlsx,19 -27  Aug,5
RET-19 -27-R6-SF_PLUS,EXPIRED,EXPIRED,NO,คงสถานะตามผลการตรวจ 2D Header-Guided,-,Aug_ 2026 Promotion Retail_Shop Samsung .xlsx,19 -27  Aug,6
RET-19 -27-R6-TRADEUP,EXPIRED,EXPIRED,NO,คงสถานะตามผลการตรวจ 2D Header-Guided,-,Aug_ 2026 Promotion Retail_Shop Samsung .xlsx,19 -27  Aug,6
RET-19 -27-R6-STUDENT,EXPIRED,EXPIRED,NO,คงสถานะตามผลการตรวจ 2D Header-Guided,-,Aug_ 2026 Promotion Retail_Shop Samsung .xlsx,19 -27  Aug,6
RET-19 -27-R6-FLASHSALE,EXPIRED,EXPIRED,NO,คงสถานะตามผลการตรวจ 2D Header-Guided,-,Aug_ 2026 Promotion Retail_Shop Samsung .xlsx,19 -27  Aug,6
RET-19 -27-R7-SF_PLUS,EXPIRED,EXPIRED,NO,คงสถานะตามผลการตรวจ 2D Header-Guided,-,Aug_ 2026 Promotion Retail_Shop Samsung .xlsx,19 -27  Aug,7
RET-19 -27-R8-SF_PLUS,EXPIRED,EXPIRED,NO,คงสถานะตามผลการตรวจ 2D Header-Guided,-,Aug_ 2026 Promotion Retail_Shop Samsung .xlsx,19 -27  Aug,8
RET-19 -27-R9-SF_PLUS,EXPIRED,EXPIRED,NO,คงสถานะตามผลการตรวจ 2D Header-Guided,-,Aug_ 2026 Promotion Retail_Shop Samsung .xlsx,19 -27  Aug,9
RET-19 -27-R10-SF_PLUS,EXPIRED,EXPIRED,NO,คงสถานะตามผลการตรวจ 2D Header-Guided,-,Aug_ 2026 Promotion Retail_Shop Samsung .xlsx,19 -27  Aug,10
RET-19 -27-R11-SF_PLUS,EXPIRED,EXPIRED,NO,คงสถานะตามผลการตรวจ 2D Header-Guided,-,Aug_ 2026 Promotion Retail_Shop Samsung .xlsx,19 -27  Aug,11
RET-19 -27-R12-SF_PLUS,EXPIRED,EXPIRED,NO,คงสถานะตามผลการตรวจ 2D Header-Guided,-,Aug_ 2026 Promotion Retail_Shop Samsung .xlsx,19 -27  Aug,12
RET-19 -27-R12-STUDENT,EXPIRED,EXPIRED,NO,คงสถานะตามผลการตรวจ 2D Header-Guided,-,Aug_ 2026 Promotion Retail_Shop Samsung .xlsx,19 -27  Aug,12
RET-19 -27-R13-SF_PLUS,EXPIRED,EXPIRED,NO,คงสถานะตามผลการตรวจ 2D Header-Guided,-,Aug_ 2026 Promotion Retail_Shop Samsung .xlsx,19 -27  Aug,13
RET-19 -27-R13-STUDENT,EXPIRED,EXPIRED,NO,คงสถานะตามผลการตรวจ 2D Header-Guided,-,Aug_ 2026 Promotion Retail_Shop Samsung .xlsx,19 -27  Aug,13
RET-19 -27-R14-STANDARD_PAYMENT,EXPIRED,EXPIRED,NO,คงสถานะตามผลการตรวจ 2D Header-Guided,-,Aug_ 2026 Promotion Retail_Shop Samsung .xlsx,19 -27  Aug,14
RET-19 -27-R15-STANDARD_PAYMENT,EXPIRED,EXPIRED,NO,คงสถานะตามผลการตรวจ 2D Header-Guided,-,Aug_ 2026 Promotion Retail_Shop Samsung .xlsx,19 -27  Aug,15
RET-19 -27-R16-TRADEUP,EXPIRED,EXPIRED,NO,คงสถานะตามผลการตรวจ 2D Header-Guided,-,Aug_ 2026 Promotion Retail_Shop Samsung .xlsx,19 -27  Aug,16
RET-19 -27-R17-TRADEUP,EXPIRED,EXPIRED,NO,คงสถานะตามผลการตรวจ 2D Header-Guided,-,Aug_ 2026 Promotion Retail_Shop Samsung .xlsx,19 -27  Aug,17
RET-19 -27-R18-TRADEUP,EXPIRED,EXPIRED,NO,คงสถานะตามผลการตรวจ 2D Header-Guided,-,Aug_ 2026 Promotion Retail_Shop Samsung .xlsx,19 -27  Aug,18
RET-19 -27-R19-TRADEUP,EXPIRED,EXPIRED,NO,คงสถานะตามผลการตรวจ 2D Header-Guided,-,Aug_ 2026 Promotion Retail_Shop Samsung .xlsx,19 -27  Aug,19
RET-19 -27-R20-TRADEUP,EXPIRED,EXPIRED,NO,คงสถานะตามผลการตรวจ 2D Header-Guided,-,Aug_ 2026 Promotion Retail_Shop Samsung .xlsx,19 -27  Aug,20
RET-19 -27-R21-TRADEUP,EXPIRED,EXPIRED,NO,คงสถานะตามผลการตรวจ 2D Header-Guided,-,Aug_ 2026 Promotion Retail_Shop Samsung .xlsx,19 -27  Aug,21
RET-19 -27-R22-TRADEUP,BLOCKED_INVALID,BLOCKED_INVALID,NO,คงสถานะตามผลการตรวจ 2D Header-Guided,PRICE_EQUATION_MISMATCH,Aug_ 2026 Promotion Retail_Shop Samsung .xlsx,19 -27  Aug,22
RET-19 -27-R23-TRADEUP,BLOCKED_INVALID,BLOCKED_INVALID,NO,คงสถานะตามผลการตรวจ 2D Header-Guided,PRICE_EQUATION_MISMATCH,Aug_ 2026 Promotion Retail_Shop Samsung .xlsx,19 -27  Aug,23
RET-19 -27-R24-SF_PLUS,EXPIRED,EXPIRED,NO,คงสถานะตามผลการตรวจ 2D Header-Guided,-,Aug_ 2026 Promotion Retail_Shop Samsung .xlsx,19 -27  Aug,24
RET-19 -27-R25-SF_PLUS,EXPIRED,EXPIRED,NO,คงสถานะตามผลการตรวจ 2D Header-Guided,-,Aug_ 2026 Promotion Retail_Shop Samsung .xlsx,19 -27  Aug,25
RET-19 -27-R26-SF_PLUS,EXPIRED,EXPIRED,NO,คงสถานะตามผลการตรวจ 2D Header-Guided,-,Aug_ 2026 Promotion Retail_Shop Samsung .xlsx,19 -27  Aug,26
RET-19 -27-R27-SF_PLUS,EXPIRED,EXPIRED,NO,คงสถานะตามผลการตรวจ 2D Header-Guided,-,Aug_ 2026 Promotion Retail_Shop Samsung .xlsx,19 -27  Aug,27
RET-19 -27-R28-SF_PLUS,EXPIRED,EXPIRED,NO,คงสถานะตามผลการตรวจ 2D Header-Guided,-,Aug_ 2026 Promotion Retail_Shop Samsung .xlsx,19 -27  Aug,28
RET-19 -27-R29-SF_PLUS,EXPIRED,EXPIRED,NO,คงสถานะตามผลการตรวจ 2D Header-Guided,-,Aug_ 2026 Promotion Retail_Shop Samsung .xlsx,19 -27  Aug,29
RET-19 -27-R29-STUDENT,EXPIRED,EXPIRED,NO,คงสถานะตามผลการตรวจ 2D Header-Guided,-,Aug_ 2026 Promotion Retail_Shop Samsung .xlsx,19 -27  Aug,29
RET-19 -27-R30-SF_PLUS,EXPIRED,EXPIRED,NO,คงสถานะตามผลการตรวจ 2D Header-Guided,-,Aug_ 2026 Promotion Retail_Shop Samsung .xlsx,19 -27  Aug,30
RET-19 -27-R30-STUDENT,EXPIRED,EXPIRED,NO,คงสถานะตามผลการตรวจ 2D Header-Guided,-,Aug_ 2026 Promotion Retail_Shop Samsung .xlsx,19 -27  Aug,30
RET-19 -27-R31-SF_PLUS,EXPIRED,EXPIRED,NO,คงสถานะตามผลการตรวจ 2D Header-Guided,-,Aug_ 2026 Promotion Retail_Shop Samsung .xlsx,19 -27  Aug,31
RET-19 -27-R31-STUDENT,EXPIRED,EXPIRED,NO,คงสถานะตามผลการตรวจ 2D Header-Guided,-,Aug_ 2026 Promotion Retail_Shop Samsung .xlsx,19 -27  Aug,31
RET-19 -27-R32-STANDARD_PAYMENT,EXPIRED,EXPIRED,NO,คงสถานะตามผลการตรวจ 2D Header-Guided,-,Aug_ 2026 Promotion Retail_Shop Samsung .xlsx,19 -27  Aug,32
RET-19 -27-R32-STUDENT,EXPIRED,EXPIRED,NO,คงสถานะตามผลการตรวจ 2D Header-Guided,-,Aug_ 2026 Promotion Retail_Shop Samsung .xlsx,19 -27  Aug,32
RET-19 -27-R33-STANDARD_PAYMENT,EXPIRED,EXPIRED,NO,คงสถานะตามผลการตรวจ 2D Header-Guided,-,Aug_ 2026 Promotion Retail_Shop Samsung .xlsx,19 -27  Aug,33
RET-19 -27-R33-STUDENT,EXPIRED,EXPIRED,NO,คงสถานะตามผลการตรวจ 2D Header-Guided,-,Aug_ 2026 Promotion Retail_Shop Samsung .xlsx,19 -27  Aug,33
RET-19 -27-R34-STANDARD_PAYMENT,EXPIRED,EXPIRED,NO,คงสถานะตามผลการตรวจ 2D Header-Guided,-,Aug_ 2026 Promotion Retail_Shop Samsung .xlsx,19 -27  Aug,34
RET-19 -27-R34-STUDENT,EXPIRED,EXPIRED,NO,คงสถานะตามผลการตรวจ 2D Header-Guided,-,Aug_ 2026 Promotion Retail_Shop Samsung .xlsx,19 -27  Aug,34
RET-19 -27-R35-SF_PLUS,EXPIRED,EXPIRED,NO,คงสถานะตามผลการตรวจ 2D Header-Guided,-,Aug_ 2026 Promotion Retail_Shop Samsung .xlsx,19 -27  Aug,35
RET-19 -27-R35-STUDENT,EXPIRED,EXPIRED,NO,คงสถานะตามผลการตรวจ 2D Header-Guided,-,Aug_ 2026 Promotion Retail_Shop Samsung .xlsx,19 -27  Aug,35
RET-19 -27-R36-SF_PLUS,EXPIRED,EXPIRED,NO,คงสถานะตามผลการตรวจ 2D Header-Guided,-,Aug_ 2026 Promotion Retail_Shop Samsung .xlsx,19 -27  Aug,36
RET-19 -27-R37-SF_PLUS,EXPIRED,EXPIRED,NO,คงสถานะตามผลการตรวจ 2D Header-Guided,-,Aug_ 2026 Promotion Retail_Shop Samsung .xlsx,19 -27  Aug,37
RET-19 -27-R37-STUDENT,EXPIRED,EXPIRED,NO,คงสถานะตามผลการตรวจ 2D Header-Guided,-,Aug_ 2026 Promotion Retail_Shop Samsung .xlsx,19 -27  Aug,37
RET-19 -27-R37-FLASHSALE,EXPIRED,EXPIRED,NO,คงสถานะตามผลการตรวจ 2D Header-Guided,-,Aug_ 2026 Promotion Retail_Shop Samsung .xlsx,19 -27  Aug,37
RET-19 -27-R38-SF_PLUS,EXPIRED,EXPIRED,NO,คงสถานะตามผลการตรวจ 2D Header-Guided,-,Aug_ 2026 Promotion Retail_Shop Samsung .xlsx,19 -27  Aug,38
RET-19 -27-R39-SF_PLUS,EXPIRED,EXPIRED,NO,คงสถานะตามผลการตรวจ 2D Header-Guided,-,Aug_ 2026 Promotion Retail_Shop Samsung .xlsx,19 -27  Aug,39
RET-19 -27-R40-STUDENT,EXPIRED,EXPIRED,NO,คงสถานะตามผลการตรวจ 2D Header-Guided,-,Aug_ 2026 Promotion Retail_Shop Samsung .xlsx,19 -27  Aug,40
RET-19 -27-R41-STANDARD_PAYMENT,EXPIRED,EXPIRED,NO,คงสถานะตามผลการตรวจ 2D Header-Guided,-,Aug_ 2026 Promotion Retail_Shop Samsung .xlsx,19 -27  Aug,41
RET-19 -27-R41-STUDENT,EXPIRED,EXPIRED,NO,คงสถานะตามผลการตรวจ 2D Header-Guided,-,Aug_ 2026 Promotion Retail_Shop Samsung .xlsx,19 -27  Aug,41
RET-19 -27-R42-SF_PLUS,EXPIRED,EXPIRED,NO,คงสถานะตามผลการตรวจ 2D Header-Guided,-,Aug_ 2026 Promotion Retail_Shop Samsung .xlsx,19 -27  Aug,42
RET-19 -27-R43-SF_PLUS,EXPIRED,EXPIRED,NO,คงสถานะตามผลการตรวจ 2D Header-Guided,-,Aug_ 2026 Promotion Retail_Shop Samsung .xlsx,19 -27  Aug,43
RET-19 -27-R44-SF_PLUS,EXPIRED,EXPIRED,NO,คงสถานะตามผลการตรวจ 2D Header-Guided,-,Aug_ 2026 Promotion Retail_Shop Samsung .xlsx,19 -27  Aug,44
RET- 17-18-R4-SF_PLUS,EXPIRED,EXPIRED,NO,คงสถานะตามผลการตรวจ 2D Header-Guided,-,Aug_ 2026 Promotion Retail_Shop Samsung .xlsx, 17-18  Aug,4
RET- 17-18-R4-TRADEUP,EXPIRED,EXPIRED,NO,คงสถานะตามผลการตรวจ 2D Header-Guided,-,Aug_ 2026 Promotion Retail_Shop Samsung .xlsx, 17-18  Aug,4
RET- 17-18-R4-FLASHSALE,EXPIRED,EXPIRED,NO,คงสถานะตามผลการตรวจ 2D Header-Guided,-,Aug_ 2026 Promotion Retail_Shop Samsung .xlsx, 17-18  Aug,4
RET- 17-18-R5-SF_PLUS,EXPIRED,EXPIRED,NO,คงสถานะตามผลการตรวจ 2D Header-Guided,-,Aug_ 2026 Promotion Retail_Shop Samsung .xlsx, 17-18  Aug,5
RET- 17-18-R5-TRADEUP,EXPIRED,EXPIRED,NO,คงสถานะตามผลการตรวจ 2D Header-Guided,-,Aug_ 2026 Promotion Retail_Shop Samsung .xlsx, 17-18  Aug,5
RET- 17-18-R5-STUDENT,EXPIRED,EXPIRED,NO,คงสถานะตามผลการตรวจ 2D Header-Guided,-,Aug_ 2026 Promotion Retail_Shop Samsung .xlsx, 17-18  Aug,5
RET- 17-18-R5-FLASHSALE,EXPIRED,EXPIRED,NO,คงสถานะตามผลการตรวจ 2D Header-Guided,-,Aug_ 2026 Promotion Retail_Shop Samsung .xlsx, 17-18  Aug,5
RET- 17-18-R6-SF_PLUS,EXPIRED,EXPIRED,NO,คงสถานะตามผลการตรวจ 2D Header-Guided,-,Aug_ 2026 Promotion Retail_Shop Samsung .xlsx, 17-18  Aug,6
RET- 17-18-R6-TRADEUP,EXPIRED,EXPIRED,NO,คงสถานะตามผลการตรวจ 2D Header-Guided,-,Aug_ 2026 Promotion Retail_Shop Samsung .xlsx, 17-18  Aug,6
RET- 17-18-R6-STUDENT,EXPIRED,EXPIRED,NO,คงสถานะตามผลการตรวจ 2D Header-Guided,-,Aug_ 2026 Promotion Retail_Shop Samsung .xlsx, 17-18  Aug,6
RET- 17-18-R6-FLASHSALE,EXPIRED,EXPIRED,NO,คงสถานะตามผลการตรวจ 2D Header-Guided,-,Aug_ 2026 Promotion Retail_Shop Samsung .xlsx, 17-18  Aug,6
RET- 17-18-R7-SF_PLUS,EXPIRED,EXPIRED,NO,คงสถานะตามผลการตรวจ 2D Header-Guided,-,Aug_ 2026 Promotion Retail_Shop Samsung .xlsx, 17-18  Aug,7
RET- 17-18-R8-SF_PLUS,EXPIRED,EXPIRED,NO,คงสถานะตามผลการตรวจ 2D Header-Guided,-,Aug_ 2026 Promotion Retail_Shop Samsung .xlsx, 17-18  Aug,8
RET- 17-18-R9-SF_PLUS,EXPIRED,EXPIRED,NO,คงสถานะตามผลการตรวจ 2D Header-Guided,-,Aug_ 2026 Promotion Retail_Shop Samsung .xlsx, 17-18  Aug,9
RET- 17-18-R10-SF_PLUS,EXPIRED,EXPIRED,NO,คงสถานะตามผลการตรวจ 2D Header-Guided,-,Aug_ 2026 Promotion Retail_Shop Samsung .xlsx, 17-18  Aug,10
RET- 17-18-R11-SF_PLUS,EXPIRED,EXPIRED,NO,คงสถานะตามผลการตรวจ 2D Header-Guided,-,Aug_ 2026 Promotion Retail_Shop Samsung .xlsx, 17-18  Aug,11
RET- 17-18-R12-SF_PLUS,EXPIRED,EXPIRED,NO,คงสถานะตามผลการตรวจ 2D Header-Guided,-,Aug_ 2026 Promotion Retail_Shop Samsung .xlsx, 17-18  Aug,12
RET- 17-18-R12-STUDENT,EXPIRED,EXPIRED,NO,คงสถานะตามผลการตรวจ 2D Header-Guided,-,Aug_ 2026 Promotion Retail_Shop Samsung .xlsx, 17-18  Aug,12
RET- 17-18-R13-SF_PLUS,EXPIRED,EXPIRED,NO,คงสถานะตามผลการตรวจ 2D Header-Guided,-,Aug_ 2026 Promotion Retail_Shop Samsung .xlsx, 17-18  Aug,13
RET- 17-18-R13-STUDENT,EXPIRED,EXPIRED,NO,คงสถานะตามผลการตรวจ 2D Header-Guided,-,Aug_ 2026 Promotion Retail_Shop Samsung .xlsx, 17-18  Aug,13
RET- 17-18-R14-STANDARD_PAYMENT,EXPIRED,EXPIRED,NO,คงสถานะตามผลการตรวจ 2D Header-Guided,-,Aug_ 2026 Promotion Retail_Shop Samsung .xlsx, 17-18  Aug,14
RET- 17-18-R15-STANDARD_PAYMENT,EXPIRED,EXPIRED,NO,คงสถานะตามผลการตรวจ 2D Header-Guided,-,Aug_ 2026 Promotion Retail_Shop Samsung .xlsx, 17-18  Aug,15
RET- 17-18-R16-TRADEUP,EXPIRED,EXPIRED,NO,คงสถานะตามผลการตรวจ 2D Header-Guided,-,Aug_ 2026 Promotion Retail_Shop Samsung .xlsx, 17-18  Aug,16
RET- 17-18-R17-TRADEUP,EXPIRED,EXPIRED,NO,คงสถานะตามผลการตรวจ 2D Header-Guided,-,Aug_ 2026 Promotion Retail_Shop Samsung .xlsx, 17-18  Aug,17
RET- 17-18-R18-TRADEUP,EXPIRED,EXPIRED,NO,คงสถานะตามผลการตรวจ 2D Header-Guided,-,Aug_ 2026 Promotion Retail_Shop Samsung .xlsx, 17-18  Aug,18
RET- 17-18-R19-TRADEUP,EXPIRED,EXPIRED,NO,คงสถานะตามผลการตรวจ 2D Header-Guided,-,Aug_ 2026 Promotion Retail_Shop Samsung .xlsx, 17-18  Aug,19
RET- 17-18-R20-TRADEUP,EXPIRED,EXPIRED,NO,คงสถานะตามผลการตรวจ 2D Header-Guided,-,Aug_ 2026 Promotion Retail_Shop Samsung .xlsx, 17-18  Aug,20
RET- 17-18-R21-TRADEUP,EXPIRED,EXPIRED,NO,คงสถานะตามผลการตรวจ 2D Header-Guided,-,Aug_ 2026 Promotion Retail_Shop Samsung .xlsx, 17-18  Aug,21
RET- 17-18-R22-TRADEUP,BLOCKED_INVALID,BLOCKED_INVALID,NO,คงสถานะตามผลการตรวจ 2D Header-Guided,PRICE_EQUATION_MISMATCH,Aug_ 2026 Promotion Retail_Shop Samsung .xlsx, 17-18  Aug,22
RET- 17-18-R23-TRADEUP,BLOCKED_INVALID,BLOCKED_INVALID,NO,คงสถานะตามผลการตรวจ 2D Header-Guided,PRICE_EQUATION_MISMATCH,Aug_ 2026 Promotion Retail_Shop Samsung .xlsx, 17-18  Aug,23
RET- 17-18-R24-SF_PLUS,EXPIRED,EXPIRED,NO,คงสถานะตามผลการตรวจ 2D Header-Guided,-,Aug_ 2026 Promotion Retail_Shop Samsung .xlsx, 17-18  Aug,24
RET- 17-18-R25-SF_PLUS,EXPIRED,EXPIRED,NO,คงสถานะตามผลการตรวจ 2D Header-Guided,-,Aug_ 2026 Promotion Retail_Shop Samsung .xlsx, 17-18  Aug,25
RET- 17-18-R26-SF_PLUS,EXPIRED,EXPIRED,NO,คงสถานะตามผลการตรวจ 2D Header-Guided,-,Aug_ 2026 Promotion Retail_Shop Samsung .xlsx, 17-18  Aug,26
RET- 17-18-R27-SF_PLUS,EXPIRED,EXPIRED,NO,คงสถานะตามผลการตรวจ 2D Header-Guided,-,Aug_ 2026 Promotion Retail_Shop Samsung .xlsx, 17-18  Aug,27
RET- 17-18-R28-SF_PLUS,EXPIRED,EXPIRED,NO,คงสถานะตามผลการตรวจ 2D Header-Guided,-,Aug_ 2026 Promotion Retail_Shop Samsung .xlsx, 17-18  Aug,28
RET- 17-18-R29-SF_PLUS,EXPIRED,EXPIRED,NO,คงสถานะตามผลการตรวจ 2D Header-Guided,-,Aug_ 2026 Promotion Retail_Shop Samsung .xlsx, 17-18  Aug,29
RET- 17-18-R29-STUDENT,EXPIRED,EXPIRED,NO,คงสถานะตามผลการตรวจ 2D Header-Guided,-,Aug_ 2026 Promotion Retail_Shop Samsung .xlsx, 17-18  Aug,29
RET- 17-18-R30-SF_PLUS,EXPIRED,EXPIRED,NO,คงสถานะตามผลการตรวจ 2D Header-Guided,-,Aug_ 2026 Promotion Retail_Shop Samsung .xlsx, 17-18  Aug,30
RET- 17-18-R30-STUDENT,EXPIRED,EXPIRED,NO,คงสถานะตามผลการตรวจ 2D Header-Guided,-,Aug_ 2026 Promotion Retail_Shop Samsung .xlsx, 17-18  Aug,30
RET- 17-18-R31-SF_PLUS,EXPIRED,EXPIRED,NO,คงสถานะตามผลการตรวจ 2D Header-Guided,-,Aug_ 2026 Promotion Retail_Shop Samsung .xlsx, 17-18  Aug,31
RET- 17-18-R31-STUDENT,EXPIRED,EXPIRED,NO,คงสถานะตามผลการตรวจ 2D Header-Guided,-,Aug_ 2026 Promotion Retail_Shop Samsung .xlsx, 17-18  Aug,31
RET- 17-18-R32-STANDARD_PAYMENT,EXPIRED,EXPIRED,NO,คงสถานะตามผลการตรวจ 2D Header-Guided,-,Aug_ 2026 Promotion Retail_Shop Samsung .xlsx, 17-18  Aug,32
RET- 17-18-R32-STUDENT,EXPIRED,EXPIRED,NO,คงสถานะตามผลการตรวจ 2D Header-Guided,-,Aug_ 2026 Promotion Retail_Shop Samsung .xlsx, 17-18  Aug,32
RET- 17-18-R33-STANDARD_PAYMENT,EXPIRED,EXPIRED,NO,คงสถานะตามผลการตรวจ 2D Header-Guided,-,Aug_ 2026 Promotion Retail_Shop Samsung .xlsx, 17-18  Aug,33
RET- 17-18-R33-STUDENT,EXPIRED,EXPIRED,NO,คงสถานะตามผลการตรวจ 2D Header-Guided,-,Aug_ 2026 Promotion Retail_Shop Samsung .xlsx, 17-18  Aug,33
RET- 17-18-R34-STANDARD_PAYMENT,EXPIRED,EXPIRED,NO,คงสถานะตามผลการตรวจ 2D Header-Guided,-,Aug_ 2026 Promotion Retail_Shop Samsung .xlsx, 17-18  Aug,34
RET- 17-18-R34-STUDENT,EXPIRED,EXPIRED,NO,คงสถานะตามผลการตรวจ 2D Header-Guided,-,Aug_ 2026 Promotion Retail_Shop Samsung .xlsx, 17-18  Aug,34
RET- 17-18-R35-SF_PLUS,EXPIRED,EXPIRED,NO,คงสถานะตามผลการตรวจ 2D Header-Guided,-,Aug_ 2026 Promotion Retail_Shop Samsung .xlsx, 17-18  Aug,35
RET- 17-18-R35-STUDENT,EXPIRED,EXPIRED,NO,คงสถานะตามผลการตรวจ 2D Header-Guided,-,Aug_ 2026 Promotion Retail_Shop Samsung .xlsx, 17-18  Aug,35
RET- 17-18-R36-SF_PLUS,EXPIRED,EXPIRED,NO,คงสถานะตามผลการตรวจ 2D Header-Guided,-,Aug_ 2026 Promotion Retail_Shop Samsung .xlsx, 17-18  Aug,36
RET- 17-18-R37-SF_PLUS,EXPIRED,EXPIRED,NO,คงสถานะตามผลการตรวจ 2D Header-Guided,-,Aug_ 2026 Promotion Retail_Shop Samsung .xlsx, 17-18  Aug,37
RET- 17-18-R37-STUDENT,EXPIRED,EXPIRED,NO,คงสถานะตามผลการตรวจ 2D Header-Guided,-,Aug_ 2026 Promotion Retail_Shop Samsung .xlsx, 17-18  Aug,37
RET- 17-18-R37-FLASHSALE,EXPIRED,EXPIRED,NO,คงสถานะตามผลการตรวจ 2D Header-Guided,-,Aug_ 2026 Promotion Retail_Shop Samsung .xlsx, 17-18  Aug,37
RET- 17-18-R38-SF_PLUS,EXPIRED,EXPIRED,NO,คงสถานะตามผลการตรวจ 2D Header-Guided,-,Aug_ 2026 Promotion Retail_Shop Samsung .xlsx, 17-18  Aug,38
RET- 17-18-R39-SF_PLUS,EXPIRED,EXPIRED,NO,คงสถานะตามผลการตรวจ 2D Header-Guided,-,Aug_ 2026 Promotion Retail_Shop Samsung .xlsx, 17-18  Aug,39
RET- 17-18-R40-STUDENT,EXPIRED,EXPIRED,NO,คงสถานะตามผลการตรวจ 2D Header-Guided,-,Aug_ 2026 Promotion Retail_Shop Samsung .xlsx, 17-18  Aug,40
RET- 17-18-R41-STANDARD_PAYMENT,EXPIRED,EXPIRED,NO,คงสถานะตามผลการตรวจ 2D Header-Guided,-,Aug_ 2026 Promotion Retail_Shop Samsung .xlsx, 17-18  Aug,41
RET- 17-18-R41-STUDENT,EXPIRED,EXPIRED,NO,คงสถานะตามผลการตรวจ 2D Header-Guided,-,Aug_ 2026 Promotion Retail_Shop Samsung .xlsx, 17-18  Aug,41
RET- 17-18-R42-SF_PLUS,EXPIRED,EXPIRED,NO,คงสถานะตามผลการตรวจ 2D Header-Guided,-,Aug_ 2026 Promotion Retail_Shop Samsung .xlsx, 17-18  Aug,42
RET- 17-18-R43-SF_PLUS,EXPIRED,EXPIRED,NO,คงสถานะตามผลการตรวจ 2D Header-Guided,-,Aug_ 2026 Promotion Retail_Shop Samsung .xlsx, 17-18  Aug,43
RET- 17-18-R44-SF_PLUS,EXPIRED,EXPIRED,NO,คงสถานะตามผลการตรวจ 2D Header-Guided,-,Aug_ 2026 Promotion Retail_Shop Samsung .xlsx, 17-18  Aug,44
RET- 14 Au-R4-SF_PLUS,EXPIRED,EXPIRED,NO,คงสถานะตามผลการตรวจ 2D Header-Guided,-,Aug_ 2026 Promotion Retail_Shop Samsung .xlsx, 14 Aug -16 Aug,4
RET- 14 Au-R4-TRADEUP,EXPIRED,EXPIRED,NO,คงสถานะตามผลการตรวจ 2D Header-Guided,-,Aug_ 2026 Promotion Retail_Shop Samsung .xlsx, 14 Aug -16 Aug,4
RET- 14 Au-R4-FLASHSALE,EXPIRED,EXPIRED,NO,คงสถานะตามผลการตรวจ 2D Header-Guided,-,Aug_ 2026 Promotion Retail_Shop Samsung .xlsx, 14 Aug -16 Aug,4
RET- 14 Au-R5-SF_PLUS,EXPIRED,EXPIRED,NO,คงสถานะตามผลการตรวจ 2D Header-Guided,-,Aug_ 2026 Promotion Retail_Shop Samsung .xlsx, 14 Aug -16 Aug,5
RET- 14 Au-R5-TRADEUP,EXPIRED,EXPIRED,NO,คงสถานะตามผลการตรวจ 2D Header-Guided,-,Aug_ 2026 Promotion Retail_Shop Samsung .xlsx, 14 Aug -16 Aug,5
RET- 14 Au-R5-STUDENT,EXPIRED,EXPIRED,NO,คงสถานะตามผลการตรวจ 2D Header-Guided,-,Aug_ 2026 Promotion Retail_Shop Samsung .xlsx, 14 Aug -16 Aug,5
RET- 14 Au-R5-FLASHSALE,EXPIRED,EXPIRED,NO,คงสถานะตามผลการตรวจ 2D Header-Guided,-,Aug_ 2026 Promotion Retail_Shop Samsung .xlsx, 14 Aug -16 Aug,5
RET- 14 Au-R6-SF_PLUS,EXPIRED,EXPIRED,NO,คงสถานะตามผลการตรวจ 2D Header-Guided,-,Aug_ 2026 Promotion Retail_Shop Samsung .xlsx, 14 Aug -16 Aug,6
RET- 14 Au-R6-TRADEUP,EXPIRED,EXPIRED,NO,คงสถานะตามผลการตรวจ 2D Header-Guided,-,Aug_ 2026 Promotion Retail_Shop Samsung .xlsx, 14 Aug -16 Aug,6
RET- 14 Au-R6-STUDENT,EXPIRED,EXPIRED,NO,คงสถานะตามผลการตรวจ 2D Header-Guided,-,Aug_ 2026 Promotion Retail_Shop Samsung .xlsx, 14 Aug -16 Aug,6
RET- 14 Au-R6-FLASHSALE,EXPIRED,EXPIRED,NO,คงสถานะตามผลการตรวจ 2D Header-Guided,-,Aug_ 2026 Promotion Retail_Shop Samsung .xlsx, 14 Aug -16 Aug,6
RET- 14 Au-R7-SF_PLUS,EXPIRED,EXPIRED,NO,คงสถานะตามผลการตรวจ 2D Header-Guided,-,Aug_ 2026 Promotion Retail_Shop Samsung .xlsx, 14 Aug -16 Aug,7
RET- 14 Au-R8-SF_PLUS,EXPIRED,EXPIRED,NO,คงสถานะตามผลการตรวจ 2D Header-Guided,-,Aug_ 2026 Promotion Retail_Shop Samsung .xlsx, 14 Aug -16 Aug,8
RET- 14 Au-R9-SF_PLUS,EXPIRED,EXPIRED,NO,คงสถานะตามผลการตรวจ 2D Header-Guided,-,Aug_ 2026 Promotion Retail_Shop Samsung .xlsx, 14 Aug -16 Aug,9
RET- 14 Au-R10-SF_PLUS,EXPIRED,EXPIRED,NO,คงสถานะตามผลการตรวจ 2D Header-Guided,-,Aug_ 2026 Promotion Retail_Shop Samsung .xlsx, 14 Aug -16 Aug,10
RET- 14 Au-R11-SF_PLUS,EXPIRED,EXPIRED,NO,คงสถานะตามผลการตรวจ 2D Header-Guided,-,Aug_ 2026 Promotion Retail_Shop Samsung .xlsx, 14 Aug -16 Aug,11
RET- 14 Au-R12-SF_PLUS,EXPIRED,EXPIRED,NO,คงสถานะตามผลการตรวจ 2D Header-Guided,-,Aug_ 2026 Promotion Retail_Shop Samsung .xlsx, 14 Aug -16 Aug,12
RET- 14 Au-R12-STUDENT,EXPIRED,EXPIRED,NO,คงสถานะตามผลการตรวจ 2D Header-Guided,-,Aug_ 2026 Promotion Retail_Shop Samsung .xlsx, 14 Aug -16 Aug,12
RET- 14 Au-R13-SF_PLUS,EXPIRED,EXPIRED,NO,คงสถานะตามผลการตรวจ 2D Header-Guided,-,Aug_ 2026 Promotion Retail_Shop Samsung .xlsx, 14 Aug -16 Aug,13
RET- 14 Au-R13-STUDENT,EXPIRED,EXPIRED,NO,คงสถานะตามผลการตรวจ 2D Header-Guided,-,Aug_ 2026 Promotion Retail_Shop Samsung .xlsx, 14 Aug -16 Aug,13
RET- 14 Au-R14-STANDARD_PAYMENT,EXPIRED,EXPIRED,NO,คงสถานะตามผลการตรวจ 2D Header-Guided,-,Aug_ 2026 Promotion Retail_Shop Samsung .xlsx, 14 Aug -16 Aug,14
RET- 14 Au-R15-STANDARD_PAYMENT,EXPIRED,EXPIRED,NO,คงสถานะตามผลการตรวจ 2D Header-Guided,-,Aug_ 2026 Promotion Retail_Shop Samsung .xlsx, 14 Aug -16 Aug,15
RET- 14 Au-R16-TRADEUP,EXPIRED,EXPIRED,NO,คงสถานะตามผลการตรวจ 2D Header-Guided,-,Aug_ 2026 Promotion Retail_Shop Samsung .xlsx, 14 Aug -16 Aug,16
RET- 14 Au-R17-TRADEUP,EXPIRED,EXPIRED,NO,คงสถานะตามผลการตรวจ 2D Header-Guided,-,Aug_ 2026 Promotion Retail_Shop Samsung .xlsx, 14 Aug -16 Aug,17
RET- 14 Au-R18-TRADEUP,EXPIRED,EXPIRED,NO,คงสถานะตามผลการตรวจ 2D Header-Guided,-,Aug_ 2026 Promotion Retail_Shop Samsung .xlsx, 14 Aug -16 Aug,18
RET- 14 Au-R19-TRADEUP,EXPIRED,EXPIRED,NO,คงสถานะตามผลการตรวจ 2D Header-Guided,-,Aug_ 2026 Promotion Retail_Shop Samsung .xlsx, 14 Aug -16 Aug,19
RET- 14 Au-R20-TRADEUP,EXPIRED,EXPIRED,NO,คงสถานะตามผลการตรวจ 2D Header-Guided,-,Aug_ 2026 Promotion Retail_Shop Samsung .xlsx, 14 Aug -16 Aug,20
RET- 14 Au-R21-TRADEUP,EXPIRED,EXPIRED,NO,คงสถานะตามผลการตรวจ 2D Header-Guided,-,Aug_ 2026 Promotion Retail_Shop Samsung .xlsx, 14 Aug -16 Aug,21
RET- 14 Au-R22-TRADEUP,BLOCKED_INVALID,BLOCKED_INVALID,NO,คงสถานะตามผลการตรวจ 2D Header-Guided,PRICE_EQUATION_MISMATCH,Aug_ 2026 Promotion Retail_Shop Samsung .xlsx, 14 Aug -16 Aug,22
RET- 14 Au-R23-TRADEUP,BLOCKED_INVALID,BLOCKED_INVALID,NO,คงสถานะตามผลการตรวจ 2D Header-Guided,PRICE_EQUATION_MISMATCH,Aug_ 2026 Promotion Retail_Shop Samsung .xlsx, 14 Aug -16 Aug,23
RET- 14 Au-R24-SF_PLUS,EXPIRED,EXPIRED,NO,คงสถานะตามผลการตรวจ 2D Header-Guided,-,Aug_ 2026 Promotion Retail_Shop Samsung .xlsx, 14 Aug -16 Aug,24
RET- 14 Au-R25-SF_PLUS,EXPIRED,EXPIRED,NO,คงสถานะตามผลการตรวจ 2D Header-Guided,-,Aug_ 2026 Promotion Retail_Shop Samsung .xlsx, 14 Aug -16 Aug,25
RET- 14 Au-R26-SF_PLUS,EXPIRED,EXPIRED,NO,คงสถานะตามผลการตรวจ 2D Header-Guided,-,Aug_ 2026 Promotion Retail_Shop Samsung .xlsx, 14 Aug -16 Aug,26
RET- 14 Au-R27-SF_PLUS,EXPIRED,EXPIRED,NO,คงสถานะตามผลการตรวจ 2D Header-Guided,-,Aug_ 2026 Promotion Retail_Shop Samsung .xlsx, 14 Aug -16 Aug,27
RET- 14 Au-R28-SF_PLUS,EXPIRED,EXPIRED,NO,คงสถานะตามผลการตรวจ 2D Header-Guided,-,Aug_ 2026 Promotion Retail_Shop Samsung .xlsx, 14 Aug -16 Aug,28
RET- 14 Au-R29-SF_PLUS,EXPIRED,EXPIRED,NO,คงสถานะตามผลการตรวจ 2D Header-Guided,-,Aug_ 2026 Promotion Retail_Shop Samsung .xlsx, 14 Aug -16 Aug,29
RET- 14 Au-R29-STUDENT,EXPIRED,EXPIRED,NO,คงสถานะตามผลการตรวจ 2D Header-Guided,-,Aug_ 2026 Promotion Retail_Shop Samsung .xlsx, 14 Aug -16 Aug,29
RET- 14 Au-R30-SF_PLUS,EXPIRED,EXPIRED,NO,คงสถานะตามผลการตรวจ 2D Header-Guided,-,Aug_ 2026 Promotion Retail_Shop Samsung .xlsx, 14 Aug -16 Aug,30
RET- 14 Au-R30-STUDENT,EXPIRED,EXPIRED,NO,คงสถานะตามผลการตรวจ 2D Header-Guided,-,Aug_ 2026 Promotion Retail_Shop Samsung .xlsx, 14 Aug -16 Aug,30
RET- 14 Au-R31-SF_PLUS,EXPIRED,EXPIRED,NO,คงสถานะตามผลการตรวจ 2D Header-Guided,-,Aug_ 2026 Promotion Retail_Shop Samsung .xlsx, 14 Aug -16 Aug,31
RET- 14 Au-R31-STUDENT,EXPIRED,EXPIRED,NO,คงสถานะตามผลการตรวจ 2D Header-Guided,-,Aug_ 2026 Promotion Retail_Shop Samsung .xlsx, 14 Aug -16 Aug,31
RET- 14 Au-R32-STANDARD_PAYMENT,EXPIRED,EXPIRED,NO,คงสถานะตามผลการตรวจ 2D Header-Guided,-,Aug_ 2026 Promotion Retail_Shop Samsung .xlsx, 14 Aug -16 Aug,32
RET- 14 Au-R32-STUDENT,EXPIRED,EXPIRED,NO,คงสถานะตามผลการตรวจ 2D Header-Guided,-,Aug_ 2026 Promotion Retail_Shop Samsung .xlsx, 14 Aug -16 Aug,32
RET- 14 Au-R33-STANDARD_PAYMENT,EXPIRED,EXPIRED,NO,คงสถานะตามผลการตรวจ 2D Header-Guided,-,Aug_ 2026 Promotion Retail_Shop Samsung .xlsx, 14 Aug -16 Aug,33
RET- 14 Au-R33-STUDENT,EXPIRED,EXPIRED,NO,คงสถานะตามผลการตรวจ 2D Header-Guided,-,Aug_ 2026 Promotion Retail_Shop Samsung .xlsx, 14 Aug -16 Aug,33
RET- 14 Au-R34-STANDARD_PAYMENT,EXPIRED,EXPIRED,NO,คงสถานะตามผลการตรวจ 2D Header-Guided,-,Aug_ 2026 Promotion Retail_Shop Samsung .xlsx, 14 Aug -16 Aug,34
RET- 14 Au-R34-STUDENT,EXPIRED,EXPIRED,NO,คงสถานะตามผลการตรวจ 2D Header-Guided,-,Aug_ 2026 Promotion Retail_Shop Samsung .xlsx, 14 Aug -16 Aug,34
RET- 14 Au-R35-SF_PLUS,EXPIRED,EXPIRED,NO,คงสถานะตามผลการตรวจ 2D Header-Guided,-,Aug_ 2026 Promotion Retail_Shop Samsung .xlsx, 14 Aug -16 Aug,35
RET- 14 Au-R35-STUDENT,EXPIRED,EXPIRED,NO,คงสถานะตามผลการตรวจ 2D Header-Guided,-,Aug_ 2026 Promotion Retail_Shop Samsung .xlsx, 14 Aug -16 Aug,35
RET- 14 Au-R36-SF_PLUS,EXPIRED,EXPIRED,NO,คงสถานะตามผลการตรวจ 2D Header-Guided,-,Aug_ 2026 Promotion Retail_Shop Samsung .xlsx, 14 Aug -16 Aug,36
RET- 14 Au-R37-SF_PLUS,EXPIRED,EXPIRED,NO,คงสถานะตามผลการตรวจ 2D Header-Guided,-,Aug_ 2026 Promotion Retail_Shop Samsung .xlsx, 14 Aug -16 Aug,37
RET- 14 Au-R37-STUDENT,EXPIRED,EXPIRED,NO,คงสถานะตามผลการตรวจ 2D Header-Guided,-,Aug_ 2026 Promotion Retail_Shop Samsung .xlsx, 14 Aug -16 Aug,37
RET- 14 Au-R37-FLASHSALE,EXPIRED,EXPIRED,NO,คงสถานะตามผลการตรวจ 2D Header-Guided,-,Aug_ 2026 Promotion Retail_Shop Samsung .xlsx, 14 Aug -16 Aug,37
RET- 14 Au-R38-SF_PLUS,EXPIRED,EXPIRED,NO,คงสถานะตามผลการตรวจ 2D Header-Guided,-,Aug_ 2026 Promotion Retail_Shop Samsung .xlsx, 14 Aug -16 Aug,38
RET- 14 Au-R39-SF_PLUS,EXPIRED,EXPIRED,NO,คงสถานะตามผลการตรวจ 2D Header-Guided,-,Aug_ 2026 Promotion Retail_Shop Samsung .xlsx, 14 Aug -16 Aug,39
RET- 14 Au-R40-SF_PLUS,EXPIRED,EXPIRED,NO,คงสถานะตามผลการตรวจ 2D Header-Guided,-,Aug_ 2026 Promotion Retail_Shop Samsung .xlsx, 14 Aug -16 Aug,40
RET- 14 Au-R40-STUDENT,EXPIRED,EXPIRED,NO,คงสถานะตามผลการตรวจ 2D Header-Guided,-,Aug_ 2026 Promotion Retail_Shop Samsung .xlsx, 14 Aug -16 Aug,40
RET- 14 Au-R41-SF_PLUS,EXPIRED,EXPIRED,NO,คงสถานะตามผลการตรวจ 2D Header-Guided,-,Aug_ 2026 Promotion Retail_Shop Samsung .xlsx, 14 Aug -16 Aug,41
RET- 14 Au-R42-SF_PLUS,EXPIRED,EXPIRED,NO,คงสถานะตามผลการตรวจ 2D Header-Guided,-,Aug_ 2026 Promotion Retail_Shop Samsung .xlsx, 14 Aug -16 Aug,42
RET- 14 Au-R43-SF_PLUS,EXPIRED,EXPIRED,NO,คงสถานะตามผลการตรวจ 2D Header-Guided,-,Aug_ 2026 Promotion Retail_Shop Samsung .xlsx, 14 Aug -16 Aug,43
RET- 7 Aug-R4-SF_PLUS,EXPIRED,EXPIRED,NO,คงสถานะตามผลการตรวจ 2D Header-Guided,-,Aug_ 2026 Promotion Retail_Shop Samsung .xlsx, 7 Aug - 12 Aug,4
RET- 7 Aug-R4-TRADEUP,EXPIRED,EXPIRED,NO,คงสถานะตามผลการตรวจ 2D Header-Guided,-,Aug_ 2026 Promotion Retail_Shop Samsung .xlsx, 7 Aug - 12 Aug,4
RET- 7 Aug-R4-FLASHSALE,EXPIRED,EXPIRED,NO,คงสถานะตามผลการตรวจ 2D Header-Guided,-,Aug_ 2026 Promotion Retail_Shop Samsung .xlsx, 7 Aug - 12 Aug,4
RET- 7 Aug-R5-SF_PLUS,EXPIRED,EXPIRED,NO,คงสถานะตามผลการตรวจ 2D Header-Guided,-,Aug_ 2026 Promotion Retail_Shop Samsung .xlsx, 7 Aug - 12 Aug,5
RET- 7 Aug-R5-TRADEUP,EXPIRED,EXPIRED,NO,คงสถานะตามผลการตรวจ 2D Header-Guided,-,Aug_ 2026 Promotion Retail_Shop Samsung .xlsx, 7 Aug - 12 Aug,5
RET- 7 Aug-R5-STUDENT,EXPIRED,EXPIRED,NO,คงสถานะตามผลการตรวจ 2D Header-Guided,-,Aug_ 2026 Promotion Retail_Shop Samsung .xlsx, 7 Aug - 12 Aug,5
RET- 7 Aug-R5-FLASHSALE,EXPIRED,EXPIRED,NO,คงสถานะตามผลการตรวจ 2D Header-Guided,-,Aug_ 2026 Promotion Retail_Shop Samsung .xlsx, 7 Aug - 12 Aug,5
RET- 7 Aug-R6-SF_PLUS,EXPIRED,EXPIRED,NO,คงสถานะตามผลการตรวจ 2D Header-Guided,-,Aug_ 2026 Promotion Retail_Shop Samsung .xlsx, 7 Aug - 12 Aug,6
RET- 7 Aug-R6-TRADEUP,EXPIRED,EXPIRED,NO,คงสถานะตามผลการตรวจ 2D Header-Guided,-,Aug_ 2026 Promotion Retail_Shop Samsung .xlsx, 7 Aug - 12 Aug,6
RET- 7 Aug-R6-STUDENT,EXPIRED,EXPIRED,NO,คงสถานะตามผลการตรวจ 2D Header-Guided,-,Aug_ 2026 Promotion Retail_Shop Samsung .xlsx, 7 Aug - 12 Aug,6
RET- 7 Aug-R6-FLASHSALE,EXPIRED,EXPIRED,NO,คงสถานะตามผลการตรวจ 2D Header-Guided,-,Aug_ 2026 Promotion Retail_Shop Samsung .xlsx, 7 Aug - 12 Aug,6
RET- 7 Aug-R7-SF_PLUS,EXPIRED,EXPIRED,NO,คงสถานะตามผลการตรวจ 2D Header-Guided,-,Aug_ 2026 Promotion Retail_Shop Samsung .xlsx, 7 Aug - 12 Aug,7
RET- 7 Aug-R8-SF_PLUS,EXPIRED,EXPIRED,NO,คงสถานะตามผลการตรวจ 2D Header-Guided,-,Aug_ 2026 Promotion Retail_Shop Samsung .xlsx, 7 Aug - 12 Aug,8
RET- 7 Aug-R9-SF_PLUS,EXPIRED,EXPIRED,NO,คงสถานะตามผลการตรวจ 2D Header-Guided,-,Aug_ 2026 Promotion Retail_Shop Samsung .xlsx, 7 Aug - 12 Aug,9
RET- 7 Aug-R10-SF_PLUS,EXPIRED,EXPIRED,NO,คงสถานะตามผลการตรวจ 2D Header-Guided,-,Aug_ 2026 Promotion Retail_Shop Samsung .xlsx, 7 Aug - 12 Aug,10
RET- 7 Aug-R11-SF_PLUS,EXPIRED,EXPIRED,NO,คงสถานะตามผลการตรวจ 2D Header-Guided,-,Aug_ 2026 Promotion Retail_Shop Samsung .xlsx, 7 Aug - 12 Aug,11
RET- 7 Aug-R12-SF_PLUS,EXPIRED,EXPIRED,NO,คงสถานะตามผลการตรวจ 2D Header-Guided,-,Aug_ 2026 Promotion Retail_Shop Samsung .xlsx, 7 Aug - 12 Aug,12
RET- 7 Aug-R12-STUDENT,EXPIRED,EXPIRED,NO,คงสถานะตามผลการตรวจ 2D Header-Guided,-,Aug_ 2026 Promotion Retail_Shop Samsung .xlsx, 7 Aug - 12 Aug,12
RET- 7 Aug-R13-SF_PLUS,EXPIRED,EXPIRED,NO,คงสถานะตามผลการตรวจ 2D Header-Guided,-,Aug_ 2026 Promotion Retail_Shop Samsung .xlsx, 7 Aug - 12 Aug,13
RET- 7 Aug-R13-STUDENT,EXPIRED,EXPIRED,NO,คงสถานะตามผลการตรวจ 2D Header-Guided,-,Aug_ 2026 Promotion Retail_Shop Samsung .xlsx, 7 Aug - 12 Aug,13
RET- 7 Aug-R14-STANDARD_PAYMENT,EXPIRED,EXPIRED,NO,คงสถานะตามผลการตรวจ 2D Header-Guided,-,Aug_ 2026 Promotion Retail_Shop Samsung .xlsx, 7 Aug - 12 Aug,14
RET- 7 Aug-R15-STANDARD_PAYMENT,EXPIRED,EXPIRED,NO,คงสถานะตามผลการตรวจ 2D Header-Guided,-,Aug_ 2026 Promotion Retail_Shop Samsung .xlsx, 7 Aug - 12 Aug,15
RET- 7 Aug-R16-TRADEUP,BLOCKED_INVALID,BLOCKED_INVALID,NO,คงสถานะตามผลการตรวจ 2D Header-Guided,MISSING_NET_PRICE,Aug_ 2026 Promotion Retail_Shop Samsung .xlsx, 7 Aug - 12 Aug,16
RET- 7 Aug-R17-TRADEUP,BLOCKED_INVALID,BLOCKED_INVALID,NO,คงสถานะตามผลการตรวจ 2D Header-Guided,MISSING_NET_PRICE,Aug_ 2026 Promotion Retail_Shop Samsung .xlsx, 7 Aug - 12 Aug,17
RET- 7 Aug-R18-TRADEUP,BLOCKED_INVALID,BLOCKED_INVALID,NO,คงสถานะตามผลการตรวจ 2D Header-Guided,MISSING_NET_PRICE,Aug_ 2026 Promotion Retail_Shop Samsung .xlsx, 7 Aug - 12 Aug,18
RET- 7 Aug-R19-TRADEUP,BLOCKED_INVALID,BLOCKED_INVALID,NO,คงสถานะตามผลการตรวจ 2D Header-Guided,MISSING_NET_PRICE,Aug_ 2026 Promotion Retail_Shop Samsung .xlsx, 7 Aug - 12 Aug,19
RET- 7 Aug-R20-TRADEUP,BLOCKED_INVALID,BLOCKED_INVALID,NO,คงสถานะตามผลการตรวจ 2D Header-Guided,MISSING_NET_PRICE,Aug_ 2026 Promotion Retail_Shop Samsung .xlsx, 7 Aug - 12 Aug,20
RET- 7 Aug-R21-TRADEUP,BLOCKED_INVALID,BLOCKED_INVALID,NO,คงสถานะตามผลการตรวจ 2D Header-Guided,MISSING_NET_PRICE,Aug_ 2026 Promotion Retail_Shop Samsung .xlsx, 7 Aug - 12 Aug,21
RET- 7 Aug-R22-TRADEUP,BLOCKED_INVALID,BLOCKED_INVALID,NO,คงสถานะตามผลการตรวจ 2D Header-Guided,MISSING_NET_PRICE,Aug_ 2026 Promotion Retail_Shop Samsung .xlsx, 7 Aug - 12 Aug,22
RET- 7 Aug-R23-TRADEUP,BLOCKED_INVALID,BLOCKED_INVALID,NO,คงสถานะตามผลการตรวจ 2D Header-Guided,MISSING_NET_PRICE,Aug_ 2026 Promotion Retail_Shop Samsung .xlsx, 7 Aug - 12 Aug,23
RET- 7 Aug-R24-SF_PLUS,EXPIRED,EXPIRED,NO,คงสถานะตามผลการตรวจ 2D Header-Guided,-,Aug_ 2026 Promotion Retail_Shop Samsung .xlsx, 7 Aug - 12 Aug,24
RET- 7 Aug-R25-SF_PLUS,EXPIRED,EXPIRED,NO,คงสถานะตามผลการตรวจ 2D Header-Guided,-,Aug_ 2026 Promotion Retail_Shop Samsung .xlsx, 7 Aug - 12 Aug,25
RET- 7 Aug-R26-SF_PLUS,EXPIRED,EXPIRED,NO,คงสถานะตามผลการตรวจ 2D Header-Guided,-,Aug_ 2026 Promotion Retail_Shop Samsung .xlsx, 7 Aug - 12 Aug,26
RET- 7 Aug-R27-SF_PLUS,EXPIRED,EXPIRED,NO,คงสถานะตามผลการตรวจ 2D Header-Guided,-,Aug_ 2026 Promotion Retail_Shop Samsung .xlsx, 7 Aug - 12 Aug,27
RET- 7 Aug-R28-SF_PLUS,EXPIRED,EXPIRED,NO,คงสถานะตามผลการตรวจ 2D Header-Guided,-,Aug_ 2026 Promotion Retail_Shop Samsung .xlsx, 7 Aug - 12 Aug,28
RET- 7 Aug-R29-SF_PLUS,EXPIRED,EXPIRED,NO,คงสถานะตามผลการตรวจ 2D Header-Guided,-,Aug_ 2026 Promotion Retail_Shop Samsung .xlsx, 7 Aug - 12 Aug,29
RET- 7 Aug-R29-STUDENT,EXPIRED,EXPIRED,NO,คงสถานะตามผลการตรวจ 2D Header-Guided,-,Aug_ 2026 Promotion Retail_Shop Samsung .xlsx, 7 Aug - 12 Aug,29
RET- 7 Aug-R30-SF_PLUS,EXPIRED,EXPIRED,NO,คงสถานะตามผลการตรวจ 2D Header-Guided,-,Aug_ 2026 Promotion Retail_Shop Samsung .xlsx, 7 Aug - 12 Aug,30
RET- 7 Aug-R30-STUDENT,EXPIRED,EXPIRED,NO,คงสถานะตามผลการตรวจ 2D Header-Guided,-,Aug_ 2026 Promotion Retail_Shop Samsung .xlsx, 7 Aug - 12 Aug,30
RET- 7 Aug-R31-SF_PLUS,EXPIRED,EXPIRED,NO,คงสถานะตามผลการตรวจ 2D Header-Guided,-,Aug_ 2026 Promotion Retail_Shop Samsung .xlsx, 7 Aug - 12 Aug,31
RET- 7 Aug-R31-STUDENT,EXPIRED,EXPIRED,NO,คงสถานะตามผลการตรวจ 2D Header-Guided,-,Aug_ 2026 Promotion Retail_Shop Samsung .xlsx, 7 Aug - 12 Aug,31
RET- 7 Aug-R32-STANDARD_PAYMENT,EXPIRED,EXPIRED,NO,คงสถานะตามผลการตรวจ 2D Header-Guided,-,Aug_ 2026 Promotion Retail_Shop Samsung .xlsx, 7 Aug - 12 Aug,32
RET- 7 Aug-R32-STUDENT,EXPIRED,EXPIRED,NO,คงสถานะตามผลการตรวจ 2D Header-Guided,-,Aug_ 2026 Promotion Retail_Shop Samsung .xlsx, 7 Aug - 12 Aug,32
RET- 7 Aug-R33-STANDARD_PAYMENT,EXPIRED,EXPIRED,NO,คงสถานะตามผลการตรวจ 2D Header-Guided,-,Aug_ 2026 Promotion Retail_Shop Samsung .xlsx, 7 Aug - 12 Aug,33
RET- 7 Aug-R33-STUDENT,EXPIRED,EXPIRED,NO,คงสถานะตามผลการตรวจ 2D Header-Guided,-,Aug_ 2026 Promotion Retail_Shop Samsung .xlsx, 7 Aug - 12 Aug,33
RET- 7 Aug-R34-STANDARD_PAYMENT,EXPIRED,EXPIRED,NO,คงสถานะตามผลการตรวจ 2D Header-Guided,-,Aug_ 2026 Promotion Retail_Shop Samsung .xlsx, 7 Aug - 12 Aug,34
RET- 7 Aug-R34-STUDENT,EXPIRED,EXPIRED,NO,คงสถานะตามผลการตรวจ 2D Header-Guided,-,Aug_ 2026 Promotion Retail_Shop Samsung .xlsx, 7 Aug - 12 Aug,34
RET- 7 Aug-R35-SF_PLUS,EXPIRED,EXPIRED,NO,คงสถานะตามผลการตรวจ 2D Header-Guided,-,Aug_ 2026 Promotion Retail_Shop Samsung .xlsx, 7 Aug - 12 Aug,35
RET- 7 Aug-R35-STUDENT,EXPIRED,EXPIRED,NO,คงสถานะตามผลการตรวจ 2D Header-Guided,-,Aug_ 2026 Promotion Retail_Shop Samsung .xlsx, 7 Aug - 12 Aug,35
RET- 7 Aug-R36-SF_PLUS,EXPIRED,EXPIRED,NO,คงสถานะตามผลการตรวจ 2D Header-Guided,-,Aug_ 2026 Promotion Retail_Shop Samsung .xlsx, 7 Aug - 12 Aug,36
RET- 7 Aug-R37-SF_PLUS,EXPIRED,EXPIRED,NO,คงสถานะตามผลการตรวจ 2D Header-Guided,-,Aug_ 2026 Promotion Retail_Shop Samsung .xlsx, 7 Aug - 12 Aug,37
RET- 7 Aug-R37-STUDENT,EXPIRED,EXPIRED,NO,คงสถานะตามผลการตรวจ 2D Header-Guided,-,Aug_ 2026 Promotion Retail_Shop Samsung .xlsx, 7 Aug - 12 Aug,37
RET- 7 Aug-R37-FLASHSALE,EXPIRED,EXPIRED,NO,คงสถานะตามผลการตรวจ 2D Header-Guided,-,Aug_ 2026 Promotion Retail_Shop Samsung .xlsx, 7 Aug - 12 Aug,37
RET- 7 Aug-R38-SF_PLUS,EXPIRED,EXPIRED,NO,คงสถานะตามผลการตรวจ 2D Header-Guided,-,Aug_ 2026 Promotion Retail_Shop Samsung .xlsx, 7 Aug - 12 Aug,38
RET- 7 Aug-R39-SF_PLUS,EXPIRED,EXPIRED,NO,คงสถานะตามผลการตรวจ 2D Header-Guided,-,Aug_ 2026 Promotion Retail_Shop Samsung .xlsx, 7 Aug - 12 Aug,39
RET- 7 Aug-R40-SF_PLUS,EXPIRED,EXPIRED,NO,คงสถานะตามผลการตรวจ 2D Header-Guided,-,Aug_ 2026 Promotion Retail_Shop Samsung .xlsx, 7 Aug - 12 Aug,40
RET- 7 Aug-R40-STUDENT,EXPIRED,EXPIRED,NO,คงสถานะตามผลการตรวจ 2D Header-Guided,-,Aug_ 2026 Promotion Retail_Shop Samsung .xlsx, 7 Aug - 12 Aug,40
RET- 7 Aug-R41-SF_PLUS,EXPIRED,EXPIRED,NO,คงสถานะตามผลการตรวจ 2D Header-Guided,-,Aug_ 2026 Promotion Retail_Shop Samsung .xlsx, 7 Aug - 12 Aug,41
RET- 7 Aug-R42-SF_PLUS,EXPIRED,EXPIRED,NO,คงสถานะตามผลการตรวจ 2D Header-Guided,-,Aug_ 2026 Promotion Retail_Shop Samsung .xlsx, 7 Aug - 12 Aug,42
RET- 7 Aug-R43-SF_PLUS,EXPIRED,EXPIRED,NO,คงสถานะตามผลการตรวจ 2D Header-Guided,-,Aug_ 2026 Promotion Retail_Shop Samsung .xlsx, 7 Aug - 12 Aug,43
RET- 3 -6 -R4-SF_PLUS,EXPIRED,EXPIRED,NO,คงสถานะตามผลการตรวจ 2D Header-Guided,-,Aug_ 2026 Promotion Retail_Shop Samsung .xlsx, 3 -6 Aug ,4
RET- 3 -6 -R4-TRADEUP,EXPIRED,EXPIRED,NO,คงสถานะตามผลการตรวจ 2D Header-Guided,-,Aug_ 2026 Promotion Retail_Shop Samsung .xlsx, 3 -6 Aug ,4
RET- 3 -6 -R5-SF_PLUS,EXPIRED,EXPIRED,NO,คงสถานะตามผลการตรวจ 2D Header-Guided,-,Aug_ 2026 Promotion Retail_Shop Samsung .xlsx, 3 -6 Aug ,5
RET- 3 -6 -R5-TRADEUP,EXPIRED,EXPIRED,NO,คงสถานะตามผลการตรวจ 2D Header-Guided,-,Aug_ 2026 Promotion Retail_Shop Samsung .xlsx, 3 -6 Aug ,5
RET- 3 -6 -R5-STUDENT,EXPIRED,EXPIRED,NO,คงสถานะตามผลการตรวจ 2D Header-Guided,-,Aug_ 2026 Promotion Retail_Shop Samsung .xlsx, 3 -6 Aug ,5
RET- 3 -6 -R6-SF_PLUS,EXPIRED,EXPIRED,NO,คงสถานะตามผลการตรวจ 2D Header-Guided,-,Aug_ 2026 Promotion Retail_Shop Samsung .xlsx, 3 -6 Aug ,6
RET- 3 -6 -R6-TRADEUP,EXPIRED,EXPIRED,NO,คงสถานะตามผลการตรวจ 2D Header-Guided,-,Aug_ 2026 Promotion Retail_Shop Samsung .xlsx, 3 -6 Aug ,6
RET- 3 -6 -R6-STUDENT,EXPIRED,EXPIRED,NO,คงสถานะตามผลการตรวจ 2D Header-Guided,-,Aug_ 2026 Promotion Retail_Shop Samsung .xlsx, 3 -6 Aug ,6
RET- 3 -6 -R7-SF_PLUS,EXPIRED,EXPIRED,NO,คงสถานะตามผลการตรวจ 2D Header-Guided,-,Aug_ 2026 Promotion Retail_Shop Samsung .xlsx, 3 -6 Aug ,7
RET- 3 -6 -R8-SF_PLUS,EXPIRED,EXPIRED,NO,คงสถานะตามผลการตรวจ 2D Header-Guided,-,Aug_ 2026 Promotion Retail_Shop Samsung .xlsx, 3 -6 Aug ,8
RET- 3 -6 -R9-SF_PLUS,EXPIRED,EXPIRED,NO,คงสถานะตามผลการตรวจ 2D Header-Guided,-,Aug_ 2026 Promotion Retail_Shop Samsung .xlsx, 3 -6 Aug ,9
RET- 3 -6 -R10-SF_PLUS,EXPIRED,EXPIRED,NO,คงสถานะตามผลการตรวจ 2D Header-Guided,-,Aug_ 2026 Promotion Retail_Shop Samsung .xlsx, 3 -6 Aug ,10
RET- 3 -6 -R11-SF_PLUS,EXPIRED,EXPIRED,NO,คงสถานะตามผลการตรวจ 2D Header-Guided,-,Aug_ 2026 Promotion Retail_Shop Samsung .xlsx, 3 -6 Aug ,11
RET- 3 -6 -R12-SF_PLUS,EXPIRED,EXPIRED,NO,คงสถานะตามผลการตรวจ 2D Header-Guided,-,Aug_ 2026 Promotion Retail_Shop Samsung .xlsx, 3 -6 Aug ,12
RET- 3 -6 -R12-STUDENT,EXPIRED,EXPIRED,NO,คงสถานะตามผลการตรวจ 2D Header-Guided,-,Aug_ 2026 Promotion Retail_Shop Samsung .xlsx, 3 -6 Aug ,12
RET- 3 -6 -R13-SF_PLUS,EXPIRED,EXPIRED,NO,คงสถานะตามผลการตรวจ 2D Header-Guided,-,Aug_ 2026 Promotion Retail_Shop Samsung .xlsx, 3 -6 Aug ,13
RET- 3 -6 -R13-STUDENT,EXPIRED,EXPIRED,NO,คงสถานะตามผลการตรวจ 2D Header-Guided,-,Aug_ 2026 Promotion Retail_Shop Samsung .xlsx, 3 -6 Aug ,13
RET- 3 -6 -R14-STANDARD_PAYMENT,EXPIRED,EXPIRED,NO,คงสถานะตามผลการตรวจ 2D Header-Guided,-,Aug_ 2026 Promotion Retail_Shop Samsung .xlsx, 3 -6 Aug ,14
RET- 3 -6 -R15-STANDARD_PAYMENT,EXPIRED,EXPIRED,NO,คงสถานะตามผลการตรวจ 2D Header-Guided,-,Aug_ 2026 Promotion Retail_Shop Samsung .xlsx, 3 -6 Aug ,15
RET- 3 -6 -R16-TRADEUP,BLOCKED_INVALID,BLOCKED_INVALID,NO,คงสถานะตามผลการตรวจ 2D Header-Guided,MISSING_NET_PRICE,Aug_ 2026 Promotion Retail_Shop Samsung .xlsx, 3 -6 Aug ,16
RET- 3 -6 -R17-TRADEUP,BLOCKED_INVALID,BLOCKED_INVALID,NO,คงสถานะตามผลการตรวจ 2D Header-Guided,MISSING_NET_PRICE,Aug_ 2026 Promotion Retail_Shop Samsung .xlsx, 3 -6 Aug ,17
RET- 3 -6 -R18-TRADEUP,BLOCKED_INVALID,BLOCKED_INVALID,NO,คงสถานะตามผลการตรวจ 2D Header-Guided,MISSING_NET_PRICE,Aug_ 2026 Promotion Retail_Shop Samsung .xlsx, 3 -6 Aug ,18
RET- 3 -6 -R19-TRADEUP,BLOCKED_INVALID,BLOCKED_INVALID,NO,คงสถานะตามผลการตรวจ 2D Header-Guided,MISSING_NET_PRICE,Aug_ 2026 Promotion Retail_Shop Samsung .xlsx, 3 -6 Aug ,19
RET- 3 -6 -R20-TRADEUP,BLOCKED_INVALID,BLOCKED_INVALID,NO,คงสถานะตามผลการตรวจ 2D Header-Guided,MISSING_NET_PRICE,Aug_ 2026 Promotion Retail_Shop Samsung .xlsx, 3 -6 Aug ,20
RET- 3 -6 -R21-TRADEUP,BLOCKED_INVALID,BLOCKED_INVALID,NO,คงสถานะตามผลการตรวจ 2D Header-Guided,MISSING_NET_PRICE,Aug_ 2026 Promotion Retail_Shop Samsung .xlsx, 3 -6 Aug ,21
RET- 3 -6 -R22-TRADEUP,BLOCKED_INVALID,BLOCKED_INVALID,NO,คงสถานะตามผลการตรวจ 2D Header-Guided,MISSING_NET_PRICE,Aug_ 2026 Promotion Retail_Shop Samsung .xlsx, 3 -6 Aug ,22
RET- 3 -6 -R23-TRADEUP,BLOCKED_INVALID,BLOCKED_INVALID,NO,คงสถานะตามผลการตรวจ 2D Header-Guided,MISSING_NET_PRICE,Aug_ 2026 Promotion Retail_Shop Samsung .xlsx, 3 -6 Aug ,23
RET- 3 -6 -R24-SF_PLUS,EXPIRED,EXPIRED,NO,คงสถานะตามผลการตรวจ 2D Header-Guided,-,Aug_ 2026 Promotion Retail_Shop Samsung .xlsx, 3 -6 Aug ,24
RET- 3 -6 -R25-SF_PLUS,EXPIRED,EXPIRED,NO,คงสถานะตามผลการตรวจ 2D Header-Guided,-,Aug_ 2026 Promotion Retail_Shop Samsung .xlsx, 3 -6 Aug ,25
RET- 3 -6 -R26-SF_PLUS,EXPIRED,EXPIRED,NO,คงสถานะตามผลการตรวจ 2D Header-Guided,-,Aug_ 2026 Promotion Retail_Shop Samsung .xlsx, 3 -6 Aug ,26
RET- 3 -6 -R27-SF_PLUS,EXPIRED,EXPIRED,NO,คงสถานะตามผลการตรวจ 2D Header-Guided,-,Aug_ 2026 Promotion Retail_Shop Samsung .xlsx, 3 -6 Aug ,27
RET- 3 -6 -R28-SF_PLUS,EXPIRED,EXPIRED,NO,คงสถานะตามผลการตรวจ 2D Header-Guided,-,Aug_ 2026 Promotion Retail_Shop Samsung .xlsx, 3 -6 Aug ,28
RET- 3 -6 -R29-SF_PLUS,EXPIRED,EXPIRED,NO,คงสถานะตามผลการตรวจ 2D Header-Guided,-,Aug_ 2026 Promotion Retail_Shop Samsung .xlsx, 3 -6 Aug ,29
RET- 3 -6 -R29-STUDENT,EXPIRED,EXPIRED,NO,คงสถานะตามผลการตรวจ 2D Header-Guided,-,Aug_ 2026 Promotion Retail_Shop Samsung .xlsx, 3 -6 Aug ,29
RET- 3 -6 -R30-SF_PLUS,EXPIRED,EXPIRED,NO,คงสถานะตามผลการตรวจ 2D Header-Guided,-,Aug_ 2026 Promotion Retail_Shop Samsung .xlsx, 3 -6 Aug ,30
RET- 3 -6 -R30-STUDENT,EXPIRED,EXPIRED,NO,คงสถานะตามผลการตรวจ 2D Header-Guided,-,Aug_ 2026 Promotion Retail_Shop Samsung .xlsx, 3 -6 Aug ,30
RET- 3 -6 -R31-SF_PLUS,EXPIRED,EXPIRED,NO,คงสถานะตามผลการตรวจ 2D Header-Guided,-,Aug_ 2026 Promotion Retail_Shop Samsung .xlsx, 3 -6 Aug ,31
RET- 3 -6 -R31-STUDENT,EXPIRED,EXPIRED,NO,คงสถานะตามผลการตรวจ 2D Header-Guided,-,Aug_ 2026 Promotion Retail_Shop Samsung .xlsx, 3 -6 Aug ,31
RET- 3 -6 -R32-STANDARD_PAYMENT,EXPIRED,EXPIRED,NO,คงสถานะตามผลการตรวจ 2D Header-Guided,-,Aug_ 2026 Promotion Retail_Shop Samsung .xlsx, 3 -6 Aug ,32
RET- 3 -6 -R32-STUDENT,EXPIRED,EXPIRED,NO,คงสถานะตามผลการตรวจ 2D Header-Guided,-,Aug_ 2026 Promotion Retail_Shop Samsung .xlsx, 3 -6 Aug ,32
RET- 3 -6 -R33-STANDARD_PAYMENT,EXPIRED,EXPIRED,NO,คงสถานะตามผลการตรวจ 2D Header-Guided,-,Aug_ 2026 Promotion Retail_Shop Samsung .xlsx, 3 -6 Aug ,33
RET- 3 -6 -R33-STUDENT,EXPIRED,EXPIRED,NO,คงสถานะตามผลการตรวจ 2D Header-Guided,-,Aug_ 2026 Promotion Retail_Shop Samsung .xlsx, 3 -6 Aug ,33
RET- 3 -6 -R34-STANDARD_PAYMENT,EXPIRED,EXPIRED,NO,คงสถานะตามผลการตรวจ 2D Header-Guided,-,Aug_ 2026 Promotion Retail_Shop Samsung .xlsx, 3 -6 Aug ,34
RET- 3 -6 -R34-STUDENT,EXPIRED,EXPIRED,NO,คงสถานะตามผลการตรวจ 2D Header-Guided,-,Aug_ 2026 Promotion Retail_Shop Samsung .xlsx, 3 -6 Aug ,34
RET- 3 -6 -R35-SF_PLUS,EXPIRED,EXPIRED,NO,คงสถานะตามผลการตรวจ 2D Header-Guided,-,Aug_ 2026 Promotion Retail_Shop Samsung .xlsx, 3 -6 Aug ,35
RET- 3 -6 -R35-STUDENT,EXPIRED,EXPIRED,NO,คงสถานะตามผลการตรวจ 2D Header-Guided,-,Aug_ 2026 Promotion Retail_Shop Samsung .xlsx, 3 -6 Aug ,35
RET- 3 -6 -R36-SF_PLUS,EXPIRED,EXPIRED,NO,คงสถานะตามผลการตรวจ 2D Header-Guided,-,Aug_ 2026 Promotion Retail_Shop Samsung .xlsx, 3 -6 Aug ,36
RET- 3 -6 -R37-SF_PLUS,EXPIRED,EXPIRED,NO,คงสถานะตามผลการตรวจ 2D Header-Guided,-,Aug_ 2026 Promotion Retail_Shop Samsung .xlsx, 3 -6 Aug ,37
RET- 3 -6 -R37-STUDENT,EXPIRED,EXPIRED,NO,คงสถานะตามผลการตรวจ 2D Header-Guided,-,Aug_ 2026 Promotion Retail_Shop Samsung .xlsx, 3 -6 Aug ,37
RET- 3 -6 -R38-SF_PLUS,EXPIRED,EXPIRED,NO,คงสถานะตามผลการตรวจ 2D Header-Guided,-,Aug_ 2026 Promotion Retail_Shop Samsung .xlsx, 3 -6 Aug ,38
RET- 3 -6 -R39-SF_PLUS,EXPIRED,EXPIRED,NO,คงสถานะตามผลการตรวจ 2D Header-Guided,-,Aug_ 2026 Promotion Retail_Shop Samsung .xlsx, 3 -6 Aug ,39
RET- 3 -6 -R40-SF_PLUS,EXPIRED,EXPIRED,NO,คงสถานะตามผลการตรวจ 2D Header-Guided,-,Aug_ 2026 Promotion Retail_Shop Samsung .xlsx, 3 -6 Aug ,40
RET- 3 -6 -R40-STUDENT,EXPIRED,EXPIRED,NO,คงสถานะตามผลการตรวจ 2D Header-Guided,-,Aug_ 2026 Promotion Retail_Shop Samsung .xlsx, 3 -6 Aug ,40
RET- 3 -6 -R41-SF_PLUS,EXPIRED,EXPIRED,NO,คงสถานะตามผลการตรวจ 2D Header-Guided,-,Aug_ 2026 Promotion Retail_Shop Samsung .xlsx, 3 -6 Aug ,41
RET- 3 -6 -R42-SF_PLUS,EXPIRED,EXPIRED,NO,คงสถานะตามผลการตรวจ 2D Header-Guided,-,Aug_ 2026 Promotion Retail_Shop Samsung .xlsx, 3 -6 Aug ,42
RET- 3 -6 -R43-SF_PLUS,EXPIRED,EXPIRED,NO,คงสถานะตามผลการตรวจ 2D Header-Guided,-,Aug_ 2026 Promotion Retail_Shop Samsung .xlsx, 3 -6 Aug ,43
TAB-R4-STANDARD_PAYMENT,WARNING,WARNING,NO,คงสถานะตามผลการตรวจ 2D Header-Guided,-,Pro Tablet Acc samsung 3Aug2026.xlsx,โปร และ เงื่อนไขการตัดขาย,4
TAB-R4-ADDON-KEYBOARD,BLOCKED_INVALID,BLOCKED_INVALID,NO,คงสถานะตามผลการตรวจ 2D Header-Guided,PRICE_EQUATION_MISMATCH,Pro Tablet Acc samsung 3Aug2026.xlsx,โปร และ เงื่อนไขการตัดขาย,4
TAB-R5-STANDARD_PAYMENT,WARNING,WARNING,NO,คงสถานะตามผลการตรวจ 2D Header-Guided,-,Pro Tablet Acc samsung 3Aug2026.xlsx,โปร และ เงื่อนไขการตัดขาย,5
TAB-R5-ADDON-KEYBOARD,BLOCKED_INVALID,BLOCKED_INVALID,NO,คงสถานะตามผลการตรวจ 2D Header-Guided,PRICE_EQUATION_MISMATCH,Pro Tablet Acc samsung 3Aug2026.xlsx,โปร และ เงื่อนไขการตัดขาย,5
TAB-R6-STANDARD_PAYMENT,WARNING,WARNING,NO,คงสถานะตามผลการตรวจ 2D Header-Guided,-,Pro Tablet Acc samsung 3Aug2026.xlsx,โปร และ เงื่อนไขการตัดขาย,6
TAB-R6-ADDON-KEYBOARD,BLOCKED_INVALID,BLOCKED_INVALID,NO,คงสถานะตามผลการตรวจ 2D Header-Guided,PRICE_EQUATION_MISMATCH,Pro Tablet Acc samsung 3Aug2026.xlsx,โปร และ เงื่อนไขการตัดขาย,6
TAB-R7-STANDARD_PAYMENT,WARNING,WARNING,NO,คงสถานะตามผลการตรวจ 2D Header-Guided,-,Pro Tablet Acc samsung 3Aug2026.xlsx,โปร และ เงื่อนไขการตัดขาย,7
TAB-R8-STANDARD_PAYMENT,WARNING,WARNING,NO,คงสถานะตามผลการตรวจ 2D Header-Guided,-,Pro Tablet Acc samsung 3Aug2026.xlsx,โปร และ เงื่อนไขการตัดขาย,8
TAB-R9-STANDARD_PAYMENT,WARNING,WARNING,NO,คงสถานะตามผลการตรวจ 2D Header-Guided,-,Pro Tablet Acc samsung 3Aug2026.xlsx,โปร และ เงื่อนไขการตัดขาย,9
TAB-R9-ADDON-KEYBOARD,BLOCKED_INVALID,BLOCKED_INVALID,NO,คงสถานะตามผลการตรวจ 2D Header-Guided,PRICE_EQUATION_MISMATCH,Pro Tablet Acc samsung 3Aug2026.xlsx,โปร และ เงื่อนไขการตัดขาย,9
TAB-R10-STANDARD_PAYMENT,WARNING,WARNING,NO,คงสถานะตามผลการตรวจ 2D Header-Guided,-,Pro Tablet Acc samsung 3Aug2026.xlsx,โปร และ เงื่อนไขการตัดขาย,10
TAB-R10-ADDON-KEYBOARD,BLOCKED_INVALID,BLOCKED_INVALID,NO,คงสถานะตามผลการตรวจ 2D Header-Guided,PRICE_EQUATION_MISMATCH,Pro Tablet Acc samsung 3Aug2026.xlsx,โปร และ เงื่อนไขการตัดขาย,10
TAB-R11-STANDARD_PAYMENT,WARNING,WARNING,NO,คงสถานะตามผลการตรวจ 2D Header-Guided,-,Pro Tablet Acc samsung 3Aug2026.xlsx,โปร และ เงื่อนไขการตัดขาย,11
TAB-R11-ADDON-KEYBOARD,BLOCKED_INVALID,BLOCKED_INVALID,NO,คงสถานะตามผลการตรวจ 2D Header-Guided,PRICE_EQUATION_MISMATCH,Pro Tablet Acc samsung 3Aug2026.xlsx,โปร และ เงื่อนไขการตัดขาย,11
TAB-R12-STANDARD_PAYMENT,WARNING,WARNING,NO,คงสถานะตามผลการตรวจ 2D Header-Guided,-,Pro Tablet Acc samsung 3Aug2026.xlsx,โปร และ เงื่อนไขการตัดขาย,12
TAB-R12-ADDON-KEYBOARD,BLOCKED_INVALID,BLOCKED_INVALID,NO,คงสถานะตามผลการตรวจ 2D Header-Guided,PRICE_EQUATION_MISMATCH,Pro Tablet Acc samsung 3Aug2026.xlsx,โปร และ เงื่อนไขการตัดขาย,12
TAB-R13-STANDARD_PAYMENT,WARNING,WARNING,NO,คงสถานะตามผลการตรวจ 2D Header-Guided,-,Pro Tablet Acc samsung 3Aug2026.xlsx,โปร และ เงื่อนไขการตัดขาย,13
TAB-R14-STANDARD_PAYMENT,WARNING,WARNING,NO,คงสถานะตามผลการตรวจ 2D Header-Guided,-,Pro Tablet Acc samsung 3Aug2026.xlsx,โปร และ เงื่อนไขการตัดขาย,14
TAB-R15-STANDARD_PAYMENT,WARNING,WARNING,NO,คงสถานะตามผลการตรวจ 2D Header-Guided,-,Pro Tablet Acc samsung 3Aug2026.xlsx,โปร และ เงื่อนไขการตัดขาย,15
TAB-R16-STANDARD_PAYMENT,WARNING,WARNING,NO,คงสถานะตามผลการตรวจ 2D Header-Guided,-,Pro Tablet Acc samsung 3Aug2026.xlsx,โปร และ เงื่อนไขการตัดขาย,16
TAB-R17-STANDARD_PAYMENT,WARNING,WARNING,NO,คงสถานะตามผลการตรวจ 2D Header-Guided,-,Pro Tablet Acc samsung 3Aug2026.xlsx,โปร และ เงื่อนไขการตัดขาย,17
TAB-R18-STANDARD_PAYMENT,WARNING,WARNING,NO,คงสถานะตามผลการตรวจ 2D Header-Guided,-,Pro Tablet Acc samsung 3Aug2026.xlsx,โปร และ เงื่อนไขการตัดขาย,18
TAB-R19-STANDARD_PAYMENT,WARNING,WARNING,NO,คงสถานะตามผลการตรวจ 2D Header-Guided,-,Pro Tablet Acc samsung 3Aug2026.xlsx,โปร และ เงื่อนไขการตัดขาย,19
TAB-R20-STANDARD_PAYMENT,WARNING,WARNING,NO,คงสถานะตามผลการตรวจ 2D Header-Guided,-,Pro Tablet Acc samsung 3Aug2026.xlsx,โปร และ เงื่อนไขการตัดขาย,20
TAB-R20-ADDON-KEYBOARD,BLOCKED_INVALID,BLOCKED_INVALID,NO,คงสถานะตามผลการตรวจ 2D Header-Guided,PRICE_EQUATION_MISMATCH,Pro Tablet Acc samsung 3Aug2026.xlsx,โปร และ เงื่อนไขการตัดขาย,20
TAB-R21-STANDARD_PAYMENT,WARNING,WARNING,NO,คงสถานะตามผลการตรวจ 2D Header-Guided,-,Pro Tablet Acc samsung 3Aug2026.xlsx,โปร และ เงื่อนไขการตัดขาย,21
TAB-R21-ADDON-KEYBOARD,BLOCKED_INVALID,BLOCKED_INVALID,NO,คงสถานะตามผลการตรวจ 2D Header-Guided,PRICE_EQUATION_MISMATCH,Pro Tablet Acc samsung 3Aug2026.xlsx,โปร และ เงื่อนไขการตัดขาย,21
TAB-R22-SF_PLUS,WARNING,WARNING,NO,คงสถานะตามผลการตรวจ 2D Header-Guided,-,Pro Tablet Acc samsung 3Aug2026.xlsx,โปร และ เงื่อนไขการตัดขาย,22
TAB-R22-ADDON-KEYBOARD,BLOCKED_INVALID,BLOCKED_INVALID,NO,คงสถานะตามผลการตรวจ 2D Header-Guided,PRICE_EQUATION_MISMATCH,Pro Tablet Acc samsung 3Aug2026.xlsx,โปร และ เงื่อนไขการตัดขาย,22
TAB-R23-SF_PLUS,WARNING,WARNING,NO,คงสถานะตามผลการตรวจ 2D Header-Guided,-,Pro Tablet Acc samsung 3Aug2026.xlsx,โปร และ เงื่อนไขการตัดขาย,23
TAB-R23-ADDON-KEYBOARD,BLOCKED_INVALID,BLOCKED_INVALID,NO,คงสถานะตามผลการตรวจ 2D Header-Guided,PRICE_EQUATION_MISMATCH,Pro Tablet Acc samsung 3Aug2026.xlsx,โปร และ เงื่อนไขการตัดขาย,23
TAB-R24-STANDARD_PAYMENT,WARNING,WARNING,NO,คงสถานะตามผลการตรวจ 2D Header-Guided,-,Pro Tablet Acc samsung 3Aug2026.xlsx,โปร และ เงื่อนไขการตัดขาย,24
TAB-R24-ADDON-KEYBOARD,BLOCKED_INVALID,BLOCKED_INVALID,NO,คงสถานะตามผลการตรวจ 2D Header-Guided,PRICE_EQUATION_MISMATCH,Pro Tablet Acc samsung 3Aug2026.xlsx,โปร และ เงื่อนไขการตัดขาย,24
TAB-R25-SF_PLUS,WARNING,WARNING,NO,คงสถานะตามผลการตรวจ 2D Header-Guided,-,Pro Tablet Acc samsung 3Aug2026.xlsx,โปร และ เงื่อนไขการตัดขาย,25
TAB-R25-ADDON-KEYBOARD,BLOCKED_INVALID,BLOCKED_INVALID,NO,คงสถานะตามผลการตรวจ 2D Header-Guided,PRICE_EQUATION_MISMATCH,Pro Tablet Acc samsung 3Aug2026.xlsx,โปร และ เงื่อนไขการตัดขาย,25
TAB-R26-STANDARD_PAYMENT,BLOCKED_INVALID,BLOCKED_INVALID,NO,คงสถานะตามผลการตรวจ 2D Header-Guided,PRICE_EQUATION_MISMATCH,Pro Tablet Acc samsung 3Aug2026.xlsx,โปร และ เงื่อนไขการตัดขาย,26
TAB-R27-STANDARD_PAYMENT,BLOCKED_INVALID,BLOCKED_INVALID,NO,คงสถานะตามผลการตรวจ 2D Header-Guided,PRICE_EQUATION_MISMATCH,Pro Tablet Acc samsung 3Aug2026.xlsx,โปร และ เงื่อนไขการตัดขาย,27
TAB-R28-STANDARD_PAYMENT,BLOCKED_INVALID,BLOCKED_INVALID,NO,คงสถานะตามผลการตรวจ 2D Header-Guided,PRICE_EQUATION_MISMATCH,Pro Tablet Acc samsung 3Aug2026.xlsx,โปร และ เงื่อนไขการตัดขาย,28
TAB-R29-STANDARD_PAYMENT,BLOCKED_INVALID,BLOCKED_INVALID,NO,คงสถานะตามผลการตรวจ 2D Header-Guided,PRICE_EQUATION_MISMATCH,Pro Tablet Acc samsung 3Aug2026.xlsx,โปร และ เงื่อนไขการตัดขาย,29
TAB-R30-STANDARD_PAYMENT,BLOCKED_INVALID,BLOCKED_INVALID,NO,คงสถานะตามผลการตรวจ 2D Header-Guided,PRICE_EQUATION_MISMATCH,Pro Tablet Acc samsung 3Aug2026.xlsx,โปร และ เงื่อนไขการตัดขาย,30
TAB-R31-STANDARD_PAYMENT,BLOCKED_INVALID,BLOCKED_INVALID,NO,คงสถานะตามผลการตรวจ 2D Header-Guided,PRICE_EQUATION_MISMATCH,Pro Tablet Acc samsung 3Aug2026.xlsx,โปร และ เงื่อนไขการตัดขาย,31
TAB-R32-STANDARD_PAYMENT,BLOCKED_INVALID,BLOCKED_INVALID,NO,คงสถานะตามผลการตรวจ 2D Header-Guided,PRICE_EQUATION_MISMATCH,Pro Tablet Acc samsung 3Aug2026.xlsx,โปร และ เงื่อนไขการตัดขาย,32
TAB-R33-STANDARD_PAYMENT,BLOCKED_INVALID,BLOCKED_INVALID,NO,คงสถานะตามผลการตรวจ 2D Header-Guided,PRICE_EQUATION_MISMATCH,Pro Tablet Acc samsung 3Aug2026.xlsx,โปร และ เงื่อนไขการตัดขาย,33
TAB-R34-STANDARD_PAYMENT,BLOCKED_INVALID,BLOCKED_INVALID,NO,คงสถานะตามผลการตรวจ 2D Header-Guided,PRICE_EQUATION_MISMATCH,Pro Tablet Acc samsung 3Aug2026.xlsx,โปร และ เงื่อนไขการตัดขาย,34
TAB-R35-STANDARD_PAYMENT,BLOCKED_INVALID,BLOCKED_INVALID,NO,คงสถานะตามผลการตรวจ 2D Header-Guided,PRICE_EQUATION_MISMATCH,Pro Tablet Acc samsung 3Aug2026.xlsx,โปร และ เงื่อนไขการตัดขาย,35
TAB-R36-STANDARD_PAYMENT,BLOCKED_INVALID,BLOCKED_INVALID,NO,คงสถานะตามผลการตรวจ 2D Header-Guided,PRICE_EQUATION_MISMATCH,Pro Tablet Acc samsung 3Aug2026.xlsx,โปร และ เงื่อนไขการตัดขาย,36
TAB-R37-STANDARD_PAYMENT,BLOCKED_INVALID,BLOCKED_INVALID,NO,คงสถานะตามผลการตรวจ 2D Header-Guided,PRICE_EQUATION_MISMATCH,Pro Tablet Acc samsung 3Aug2026.xlsx,โปร และ เงื่อนไขการตัดขาย,37
TAB-R38-STANDARD_PAYMENT,BLOCKED_INVALID,BLOCKED_INVALID,NO,คงสถานะตามผลการตรวจ 2D Header-Guided,PRICE_EQUATION_MISMATCH,Pro Tablet Acc samsung 3Aug2026.xlsx,โปร และ เงื่อนไขการตัดขาย,38
TAB-R39-STANDARD_PAYMENT,BLOCKED_INVALID,BLOCKED_INVALID,NO,คงสถานะตามผลการตรวจ 2D Header-Guided,PRICE_EQUATION_MISMATCH,Pro Tablet Acc samsung 3Aug2026.xlsx,โปร และ เงื่อนไขการตัดขาย,39
TAB-R40-STANDARD_PAYMENT,BLOCKED_INVALID,BLOCKED_INVALID,NO,คงสถานะตามผลการตรวจ 2D Header-Guided,PRICE_EQUATION_MISMATCH,Pro Tablet Acc samsung 3Aug2026.xlsx,โปร และ เงื่อนไขการตัดขาย,40
TAB-R41-STANDARD_PAYMENT,WARNING,WARNING,NO,คงสถานะตามผลการตรวจ 2D Header-Guided,-,Pro Tablet Acc samsung 3Aug2026.xlsx,โปร และ เงื่อนไขการตัดขาย,41
TAB-R42-STANDARD_PAYMENT,BLOCKED_INVALID,BLOCKED_INVALID,NO,คงสถานะตามผลการตรวจ 2D Header-Guided,PRICE_EQUATION_MISMATCH,Pro Tablet Acc samsung 3Aug2026.xlsx,โปร และ เงื่อนไขการตัดขาย,42
TAB-R43-STANDARD_PAYMENT,WARNING,WARNING,NO,คงสถานะตามผลการตรวจ 2D Header-Guided,-,Pro Tablet Acc samsung 3Aug2026.xlsx,โปร และ เงื่อนไขการตัดขาย,43
TAB-R44-STANDARD_PAYMENT,BLOCKED_INVALID,BLOCKED_INVALID,NO,คงสถานะตามผลการตรวจ 2D Header-Guided,MISSING_NET_PRICE,Pro Tablet Acc samsung 3Aug2026.xlsx,โปร และ เงื่อนไขการตัดขาย,44
TAB-R45-STANDARD_PAYMENT,BLOCKED_INVALID,BLOCKED_INVALID,NO,คงสถานะตามผลการตรวจ 2D Header-Guided,MISSING_RRP; MISSING_NET_PRICE,Pro Tablet Acc samsung 3Aug2026.xlsx,โปร และ เงื่อนไขการตัดขาย,45
TAB-R46-STANDARD_PAYMENT,BLOCKED_INVALID,BLOCKED_INVALID,NO,คงสถานะตามผลการตรวจ 2D Header-Guided,MISSING_RRP; MISSING_NET_PRICE,Pro Tablet Acc samsung 3Aug2026.xlsx,โปร และ เงื่อนไขการตัดขาย,46
TAB-R47-STANDARD_PAYMENT,BLOCKED_INVALID,BLOCKED_INVALID,NO,คงสถานะตามผลการตรวจ 2D Header-Guided,MISSING_RRP; MISSING_NET_PRICE,Pro Tablet Acc samsung 3Aug2026.xlsx,โปร และ เงื่อนไขการตัดขาย,47
TAB-R48-STANDARD_PAYMENT,BLOCKED_INVALID,BLOCKED_INVALID,NO,คงสถานะตามผลการตรวจ 2D Header-Guided,MISSING_RRP; MISSING_NET_PRICE,Pro Tablet Acc samsung 3Aug2026.xlsx,โปร และ เงื่อนไขการตัดขาย,48
TAB-R49-STANDARD_PAYMENT,BLOCKED_INVALID,BLOCKED_INVALID,NO,คงสถานะตามผลการตรวจ 2D Header-Guided,MISSING_RRP; MISSING_NET_PRICE,Pro Tablet Acc samsung 3Aug2026.xlsx,โปร และ เงื่อนไขการตัดขาย,49
TAB-R50-STANDARD_PAYMENT,BLOCKED_INVALID,BLOCKED_INVALID,NO,คงสถานะตามผลการตรวจ 2D Header-Guided,MISSING_RRP; MISSING_NET_PRICE,Pro Tablet Acc samsung 3Aug2026.xlsx,โปร และ เงื่อนไขการตัดขาย,50
TAB-R51-STANDARD_PAYMENT,BLOCKED_INVALID,BLOCKED_INVALID,NO,คงสถานะตามผลการตรวจ 2D Header-Guided,MISSING_RRP; MISSING_NET_PRICE,Pro Tablet Acc samsung 3Aug2026.xlsx,โปร และ เงื่อนไขการตัดขาย,51
TAB-R52-STANDARD_PAYMENT,BLOCKED_INVALID,BLOCKED_INVALID,NO,คงสถานะตามผลการตรวจ 2D Header-Guided,MISSING_RRP; MISSING_NET_PRICE,Pro Tablet Acc samsung 3Aug2026.xlsx,โปร และ เงื่อนไขการตัดขาย,52
TAB-R53-STANDARD_PAYMENT,BLOCKED_INVALID,BLOCKED_INVALID,NO,คงสถานะตามผลการตรวจ 2D Header-Guided,MISSING_RRP; MISSING_NET_PRICE,Pro Tablet Acc samsung 3Aug2026.xlsx,โปร และ เงื่อนไขการตัดขาย,53
ACC-ERR-R70,BLOCKED_INVALID,BLOCKED_INVALID,NO,คงสถานะตามผลการตรวจ 2D Header-Guided,SOURCE_FORMULA_ERROR,Pro Tablet Acc samsung 3Aug2026.xlsx,โปร และ เงื่อนไขการตัดขาย,70
ACC-ERR-R71,BLOCKED_INVALID,BLOCKED_INVALID,NO,คงสถานะตามผลการตรวจ 2D Header-Guided,SOURCE_FORMULA_ERROR,Pro Tablet Acc samsung 3Aug2026.xlsx,โปร และ เงื่อนไขการตัดขาย,71
ACC-ERR-R72,BLOCKED_INVALID,BLOCKED_INVALID,NO,คงสถานะตามผลการตรวจ 2D Header-Guided,SOURCE_FORMULA_ERROR,Pro Tablet Acc samsung 3Aug2026.xlsx,โปร และ เงื่อนไขการตัดขาย,72
ACC-ERR-R73,BLOCKED_INVALID,BLOCKED_INVALID,NO,คงสถานะตามผลการตรวจ 2D Header-Guided,SOURCE_FORMULA_ERROR,Pro Tablet Acc samsung 3Aug2026.xlsx,โปร และ เงื่อนไขการตัดขาย,73
ACC-ERR-R74,BLOCKED_INVALID,BLOCKED_INVALID,NO,คงสถานะตามผลการตรวจ 2D Header-Guided,SOURCE_FORMULA_ERROR,Pro Tablet Acc samsung 3Aug2026.xlsx,โปร และ เงื่อนไขการตัดขาย,74
ACC-ERR-R75,BLOCKED_INVALID,BLOCKED_INVALID,NO,คงสถานะตามผลการตรวจ 2D Header-Guided,SOURCE_FORMULA_ERROR,Pro Tablet Acc samsung 3Aug2026.xlsx,โปร และ เงื่อนไขการตัดขาย,75
ACC-ERR-R76,BLOCKED_INVALID,BLOCKED_INVALID,NO,คงสถานะตามผลการตรวจ 2D Header-Guided,SOURCE_FORMULA_ERROR,Pro Tablet Acc samsung 3Aug2026.xlsx,โปร และ เงื่อนไขการตัดขาย,76
ACC-ERR-R77,BLOCKED_INVALID,BLOCKED_INVALID,NO,คงสถานะตามผลการตรวจ 2D Header-Guided,SOURCE_FORMULA_ERROR,Pro Tablet Acc samsung 3Aug2026.xlsx,โปร และ เงื่อนไขการตัดขาย,77
ACC-ERR-R78,BLOCKED_INVALID,BLOCKED_INVALID,NO,คงสถานะตามผลการตรวจ 2D Header-Guided,SOURCE_FORMULA_ERROR,Pro Tablet Acc samsung 3Aug2026.xlsx,โปร และ เงื่อนไขการตัดขาย,78
ACC-ERR-R79,BLOCKED_INVALID,BLOCKED_INVALID,NO,คงสถานะตามผลการตรวจ 2D Header-Guided,SOURCE_FORMULA_ERROR,Pro Tablet Acc samsung 3Aug2026.xlsx,โปร และ เงื่อนไขการตัดขาย,79
ACC-ERR-R80,BLOCKED_INVALID,BLOCKED_INVALID,NO,คงสถานะตามผลการตรวจ 2D Header-Guided,SOURCE_FORMULA_ERROR,Pro Tablet Acc samsung 3Aug2026.xlsx,โปร และ เงื่อนไขการตัดขาย,80
ACC-ERR-R81,BLOCKED_INVALID,BLOCKED_INVALID,NO,คงสถานะตามผลการตรวจ 2D Header-Guided,SOURCE_FORMULA_ERROR,Pro Tablet Acc samsung 3Aug2026.xlsx,โปร และ เงื่อนไขการตัดขาย,81
ACC-ERR-R82,BLOCKED_INVALID,BLOCKED_INVALID,NO,คงสถานะตามผลการตรวจ 2D Header-Guided,SOURCE_FORMULA_ERROR,Pro Tablet Acc samsung 3Aug2026.xlsx,โปร และ เงื่อนไขการตัดขาย,82
ACC-ERR-R83,BLOCKED_INVALID,BLOCKED_INVALID,NO,คงสถานะตามผลการตรวจ 2D Header-Guided,SOURCE_FORMULA_ERROR,Pro Tablet Acc samsung 3Aug2026.xlsx,โปร และ เงื่อนไขการตัดขาย,83
ACC-ERR-R84,BLOCKED_INVALID,BLOCKED_INVALID,NO,คงสถานะตามผลการตรวจ 2D Header-Guided,SOURCE_FORMULA_ERROR,Pro Tablet Acc samsung 3Aug2026.xlsx,โปร และ เงื่อนไขการตัดขาย,84
ACC-ERR-R85,BLOCKED_INVALID,BLOCKED_INVALID,NO,คงสถานะตามผลการตรวจ 2D Header-Guided,SOURCE_FORMULA_ERROR,Pro Tablet Acc samsung 3Aug2026.xlsx,โปร และ เงื่อนไขการตัดขาย,85
ACC-ERR-R86,BLOCKED_INVALID,BLOCKED_INVALID,NO,คงสถานะตามผลการตรวจ 2D Header-Guided,SOURCE_FORMULA_ERROR,Pro Tablet Acc samsung 3Aug2026.xlsx,โปร และ เงื่อนไขการตัดขาย,86
ACC-ERR-R87,BLOCKED_INVALID,BLOCKED_INVALID,NO,คงสถานะตามผลการตรวจ 2D Header-Guided,SOURCE_FORMULA_ERROR,Pro Tablet Acc samsung 3Aug2026.xlsx,โปร และ เงื่อนไขการตัดขาย,87
ACC-ERR-R88,BLOCKED_INVALID,BLOCKED_INVALID,NO,คงสถานะตามผลการตรวจ 2D Header-Guided,SOURCE_FORMULA_ERROR,Pro Tablet Acc samsung 3Aug2026.xlsx,โปร และ เงื่อนไขการตัดขาย,88
ACC-ERR-R89,BLOCKED_INVALID,BLOCKED_INVALID,NO,คงสถานะตามผลการตรวจ 2D Header-Guided,SOURCE_FORMULA_ERROR,Pro Tablet Acc samsung 3Aug2026.xlsx,โปร และ เงื่อนไขการตัดขาย,89
ACC-ERR-R90,BLOCKED_INVALID,BLOCKED_INVALID,NO,คงสถานะตามผลการตรวจ 2D Header-Guided,SOURCE_FORMULA_ERROR,Pro Tablet Acc samsung 3Aug2026.xlsx,โปร และ เงื่อนไขการตัดขาย,90
ACC-ERR-R91,BLOCKED_INVALID,BLOCKED_INVALID,NO,คงสถานะตามผลการตรวจ 2D Header-Guided,SOURCE_FORMULA_ERROR,Pro Tablet Acc samsung 3Aug2026.xlsx,โปร และ เงื่อนไขการตัดขาย,91
ACC-ERR-R92,BLOCKED_INVALID,BLOCKED_INVALID,NO,คงสถานะตามผลการตรวจ 2D Header-Guided,SOURCE_FORMULA_ERROR,Pro Tablet Acc samsung 3Aug2026.xlsx,โปร และ เงื่อนไขการตัดขาย,92
ACC-ERR-R93,BLOCKED_INVALID,BLOCKED_INVALID,NO,คงสถานะตามผลการตรวจ 2D Header-Guided,SOURCE_FORMULA_ERROR,Pro Tablet Acc samsung 3Aug2026.xlsx,โปร และ เงื่อนไขการตัดขาย,93
ACC-ERR-R94,BLOCKED_INVALID,BLOCKED_INVALID,NO,คงสถานะตามผลการตรวจ 2D Header-Guided,SOURCE_FORMULA_ERROR,Pro Tablet Acc samsung 3Aug2026.xlsx,โปร และ เงื่อนไขการตัดขาย,94
ACC-ERR-R95,BLOCKED_INVALID,BLOCKED_INVALID,NO,คงสถานะตามผลการตรวจ 2D Header-Guided,SOURCE_FORMULA_ERROR,Pro Tablet Acc samsung 3Aug2026.xlsx,โปร และ เงื่อนไขการตัดขาย,95
ACC-ERR-R96,BLOCKED_INVALID,BLOCKED_INVALID,NO,คงสถานะตามผลการตรวจ 2D Header-Guided,SOURCE_FORMULA_ERROR,Pro Tablet Acc samsung 3Aug2026.xlsx,โปร และ เงื่อนไขการตัดขาย,96
ACC-ERR-R97,BLOCKED_INVALID,BLOCKED_INVALID,NO,คงสถานะตามผลการตรวจ 2D Header-Guided,SOURCE_FORMULA_ERROR,Pro Tablet Acc samsung 3Aug2026.xlsx,โปร และ เงื่อนไขการตัดขาย,97
ACC-ERR-R98,BLOCKED_INVALID,BLOCKED_INVALID,NO,คงสถานะตามผลการตรวจ 2D Header-Guided,SOURCE_FORMULA_ERROR,Pro Tablet Acc samsung 3Aug2026.xlsx,โปร และ เงื่อนไขการตัดขาย,98
ACC-ERR-R99,BLOCKED_INVALID,BLOCKED_INVALID,NO,คงสถานะตามผลการตรวจ 2D Header-Guided,SOURCE_FORMULA_ERROR,Pro Tablet Acc samsung 3Aug2026.xlsx,โปร และ เงื่อนไขการตัดขาย,99
ACC-ERR-R100,BLOCKED_INVALID,BLOCKED_INVALID,NO,คงสถานะตามผลการตรวจ 2D Header-Guided,SOURCE_FORMULA_ERROR,Pro Tablet Acc samsung 3Aug2026.xlsx,โปร และ เงื่อนไขการตัดขาย,100
ACC-ERR-R101,BLOCKED_INVALID,BLOCKED_INVALID,NO,คงสถานะตามผลการตรวจ 2D Header-Guided,SOURCE_FORMULA_ERROR,Pro Tablet Acc samsung 3Aug2026.xlsx,โปร และ เงื่อนไขการตัดขาย,101
ACC-ERR-R102,BLOCKED_INVALID,BLOCKED_INVALID,NO,คงสถานะตามผลการตรวจ 2D Header-Guided,SOURCE_FORMULA_ERROR,Pro Tablet Acc samsung 3Aug2026.xlsx,โปร และ เงื่อนไขการตัดขาย,102
ACC-ERR-R103,BLOCKED_INVALID,BLOCKED_INVALID,NO,คงสถานะตามผลการตรวจ 2D Header-Guided,SOURCE_FORMULA_ERROR,Pro Tablet Acc samsung 3Aug2026.xlsx,โปร และ เงื่อนไขการตัดขาย,103
ACC-ERR-R104,BLOCKED_INVALID,BLOCKED_INVALID,NO,คงสถานะตามผลการตรวจ 2D Header-Guided,SOURCE_FORMULA_ERROR,Pro Tablet Acc samsung 3Aug2026.xlsx,โปร และ เงื่อนไขการตัดขาย,104
ACC-ERR-R105,BLOCKED_INVALID,BLOCKED_INVALID,NO,คงสถานะตามผลการตรวจ 2D Header-Guided,SOURCE_FORMULA_ERROR,Pro Tablet Acc samsung 3Aug2026.xlsx,โปร และ เงื่อนไขการตัดขาย,105
ACC-ERR-R106,BLOCKED_INVALID,BLOCKED_INVALID,NO,คงสถานะตามผลการตรวจ 2D Header-Guided,SOURCE_FORMULA_ERROR,Pro Tablet Acc samsung 3Aug2026.xlsx,โปร และ เงื่อนไขการตัดขาย,106
ACC-ERR-R107,BLOCKED_INVALID,BLOCKED_INVALID,NO,คงสถานะตามผลการตรวจ 2D Header-Guided,SOURCE_FORMULA_ERROR,Pro Tablet Acc samsung 3Aug2026.xlsx,โปร และ เงื่อนไขการตัดขาย,107
ACC-ERR-R108,BLOCKED_INVALID,BLOCKED_INVALID,NO,คงสถานะตามผลการตรวจ 2D Header-Guided,SOURCE_FORMULA_ERROR,Pro Tablet Acc samsung 3Aug2026.xlsx,โปร และ เงื่อนไขการตัดขาย,108
ACC-ERR-R109,BLOCKED_INVALID,BLOCKED_INVALID,NO,คงสถานะตามผลการตรวจ 2D Header-Guided,SOURCE_FORMULA_ERROR,Pro Tablet Acc samsung 3Aug2026.xlsx,โปร และ เงื่อนไขการตัดขาย,109
ACC-ERR-R110,BLOCKED_INVALID,BLOCKED_INVALID,NO,คงสถานะตามผลการตรวจ 2D Header-Guided,SOURCE_FORMULA_ERROR,Pro Tablet Acc samsung 3Aug2026.xlsx,โปร และ เงื่อนไขการตัดขาย,110
ACC-ERR-R111,BLOCKED_INVALID,BLOCKED_INVALID,NO,คงสถานะตามผลการตรวจ 2D Header-Guided,SOURCE_FORMULA_ERROR,Pro Tablet Acc samsung 3Aug2026.xlsx,โปร และ เงื่อนไขการตัดขาย,111
ACC-ERR-R112,BLOCKED_INVALID,BLOCKED_INVALID,NO,คงสถานะตามผลการตรวจ 2D Header-Guided,SOURCE_FORMULA_ERROR,Pro Tablet Acc samsung 3Aug2026.xlsx,โปร และ เงื่อนไขการตัดขาย,112
ACC-ERR-R113,BLOCKED_INVALID,BLOCKED_INVALID,NO,คงสถานะตามผลการตรวจ 2D Header-Guided,SOURCE_FORMULA_ERROR,Pro Tablet Acc samsung 3Aug2026.xlsx,โปร และ เงื่อนไขการตัดขาย,113
ACC-ERR-R114,BLOCKED_INVALID,BLOCKED_INVALID,NO,คงสถานะตามผลการตรวจ 2D Header-Guided,SOURCE_FORMULA_ERROR,Pro Tablet Acc samsung 3Aug2026.xlsx,โปร และ เงื่อนไขการตัดขาย,114
ACC-ERR-R115,BLOCKED_INVALID,BLOCKED_INVALID,NO,คงสถานะตามผลการตรวจ 2D Header-Guided,SOURCE_FORMULA_ERROR,Pro Tablet Acc samsung 3Aug2026.xlsx,โปร และ เงื่อนไขการตัดขาย,115
ACC-ERR-R116,BLOCKED_INVALID,BLOCKED_INVALID,NO,คงสถานะตามผลการตรวจ 2D Header-Guided,SOURCE_FORMULA_ERROR,Pro Tablet Acc samsung 3Aug2026.xlsx,โปร และ เงื่อนไขการตัดขาย,116
ACC-ERR-R117,BLOCKED_INVALID,BLOCKED_INVALID,NO,คงสถานะตามผลการตรวจ 2D Header-Guided,SOURCE_FORMULA_ERROR,Pro Tablet Acc samsung 3Aug2026.xlsx,โปร และ เงื่อนไขการตัดขาย,117
ACC-ERR-R118,BLOCKED_INVALID,BLOCKED_INVALID,NO,คงสถานะตามผลการตรวจ 2D Header-Guided,SOURCE_FORMULA_ERROR,Pro Tablet Acc samsung 3Aug2026.xlsx,โปร และ เงื่อนไขการตัดขาย,118
ACC-ERR-R119,BLOCKED_INVALID,BLOCKED_INVALID,NO,คงสถานะตามผลการตรวจ 2D Header-Guided,SOURCE_FORMULA_ERROR,Pro Tablet Acc samsung 3Aug2026.xlsx,โปร และ เงื่อนไขการตัดขาย,119
ACC-ERR-R120,BLOCKED_INVALID,BLOCKED_INVALID,NO,คงสถานะตามผลการตรวจ 2D Header-Guided,SOURCE_FORMULA_ERROR,Pro Tablet Acc samsung 3Aug2026.xlsx,โปร และ เงื่อนไขการตัดขาย,120
ACC-ERR-R121,BLOCKED_INVALID,BLOCKED_INVALID,NO,คงสถานะตามผลการตรวจ 2D Header-Guided,SOURCE_FORMULA_ERROR,Pro Tablet Acc samsung 3Aug2026.xlsx,โปร และ เงื่อนไขการตัดขาย,121
ACC-ERR-R122,BLOCKED_INVALID,BLOCKED_INVALID,NO,คงสถานะตามผลการตรวจ 2D Header-Guided,SOURCE_FORMULA_ERROR,Pro Tablet Acc samsung 3Aug2026.xlsx,โปร และ เงื่อนไขการตัดขาย,122
ACC-ERR-R123,BLOCKED_INVALID,BLOCKED_INVALID,NO,คงสถานะตามผลการตรวจ 2D Header-Guided,SOURCE_FORMULA_ERROR,Pro Tablet Acc samsung 3Aug2026.xlsx,โปร และ เงื่อนไขการตัดขาย,123
ACC-ERR-R124,BLOCKED_INVALID,BLOCKED_INVALID,NO,คงสถานะตามผลการตรวจ 2D Header-Guided,SOURCE_FORMULA_ERROR,Pro Tablet Acc samsung 3Aug2026.xlsx,โปร และ เงื่อนไขการตัดขาย,124
ACC-ERR-R125,BLOCKED_INVALID,BLOCKED_INVALID,NO,คงสถานะตามผลการตรวจ 2D Header-Guided,SOURCE_FORMULA_ERROR,Pro Tablet Acc samsung 3Aug2026.xlsx,โปร และ เงื่อนไขการตัดขาย,125
ACC-ERR-R126,BLOCKED_INVALID,BLOCKED_INVALID,NO,คงสถานะตามผลการตรวจ 2D Header-Guided,SOURCE_FORMULA_ERROR,Pro Tablet Acc samsung 3Aug2026.xlsx,โปร และ เงื่อนไขการตัดขาย,126
ACC-ERR-R127,BLOCKED_INVALID,BLOCKED_INVALID,NO,คงสถานะตามผลการตรวจ 2D Header-Guided,SOURCE_FORMULA_ERROR,Pro Tablet Acc samsung 3Aug2026.xlsx,โปร และ เงื่อนไขการตัดขาย,127
ACC-ERR-R128,BLOCKED_INVALID,BLOCKED_INVALID,NO,คงสถานะตามผลการตรวจ 2D Header-Guided,SOURCE_FORMULA_ERROR,Pro Tablet Acc samsung 3Aug2026.xlsx,โปร และ เงื่อนไขการตัดขาย,128
ACC-ERR-R129,BLOCKED_INVALID,BLOCKED_INVALID,NO,คงสถานะตามผลการตรวจ 2D Header-Guided,SOURCE_FORMULA_ERROR,Pro Tablet Acc samsung 3Aug2026.xlsx,โปร และ เงื่อนไขการตัดขาย,129
ACC-ERR-R130,BLOCKED_INVALID,BLOCKED_INVALID,NO,คงสถานะตามผลการตรวจ 2D Header-Guided,SOURCE_FORMULA_ERROR,Pro Tablet Acc samsung 3Aug2026.xlsx,โปร และ เงื่อนไขการตัดขาย,130
ACC-ERR-R131,BLOCKED_INVALID,BLOCKED_INVALID,NO,คงสถานะตามผลการตรวจ 2D Header-Guided,SOURCE_FORMULA_ERROR,Pro Tablet Acc samsung 3Aug2026.xlsx,โปร และ เงื่อนไขการตัดขาย,131
ACC-ERR-R132,BLOCKED_INVALID,BLOCKED_INVALID,NO,คงสถานะตามผลการตรวจ 2D Header-Guided,SOURCE_FORMULA_ERROR,Pro Tablet Acc samsung 3Aug2026.xlsx,โปร และ เงื่อนไขการตัดขาย,132
ACC-ERR-R133,BLOCKED_INVALID,BLOCKED_INVALID,NO,คงสถานะตามผลการตรวจ 2D Header-Guided,SOURCE_FORMULA_ERROR,Pro Tablet Acc samsung 3Aug2026.xlsx,โปร และ เงื่อนไขการตัดขาย,133
ACC-ERR-R134,BLOCKED_INVALID,BLOCKED_INVALID,NO,คงสถานะตามผลการตรวจ 2D Header-Guided,SOURCE_FORMULA_ERROR,Pro Tablet Acc samsung 3Aug2026.xlsx,โปร และ เงื่อนไขการตัดขาย,134
ACC-ERR-R135,BLOCKED_INVALID,BLOCKED_INVALID,NO,คงสถานะตามผลการตรวจ 2D Header-Guided,SOURCE_FORMULA_ERROR,Pro Tablet Acc samsung 3Aug2026.xlsx,โปร และ เงื่อนไขการตัดขาย,135
ACC-ERR-R136,BLOCKED_INVALID,BLOCKED_INVALID,NO,คงสถานะตามผลการตรวจ 2D Header-Guided,SOURCE_FORMULA_ERROR,Pro Tablet Acc samsung 3Aug2026.xlsx,โปร และ เงื่อนไขการตัดขาย,136
ACC-ERR-R137,BLOCKED_INVALID,BLOCKED_INVALID,NO,คงสถานะตามผลการตรวจ 2D Header-Guided,SOURCE_FORMULA_ERROR,Pro Tablet Acc samsung 3Aug2026.xlsx,โปร และ เงื่อนไขการตัดขาย,137
ACC-ERR-R138,BLOCKED_INVALID,BLOCKED_INVALID,NO,คงสถานะตามผลการตรวจ 2D Header-Guided,SOURCE_FORMULA_ERROR,Pro Tablet Acc samsung 3Aug2026.xlsx,โปร และ เงื่อนไขการตัดขาย,138
ACC-ERR-R139,BLOCKED_INVALID,BLOCKED_INVALID,NO,คงสถานะตามผลการตรวจ 2D Header-Guided,SOURCE_FORMULA_ERROR,Pro Tablet Acc samsung 3Aug2026.xlsx,โปร และ เงื่อนไขการตัดขาย,139
ACC-ERR-R140,BLOCKED_INVALID,BLOCKED_INVALID,NO,คงสถานะตามผลการตรวจ 2D Header-Guided,SOURCE_FORMULA_ERROR,Pro Tablet Acc samsung 3Aug2026.xlsx,โปร และ เงื่อนไขการตัดขาย,140
ACC-ERR-R141,BLOCKED_INVALID,BLOCKED_INVALID,NO,คงสถานะตามผลการตรวจ 2D Header-Guided,SOURCE_FORMULA_ERROR,Pro Tablet Acc samsung 3Aug2026.xlsx,โปร และ เงื่อนไขการตัดขาย,141
ACC-ERR-R142,BLOCKED_INVALID,BLOCKED_INVALID,NO,คงสถานะตามผลการตรวจ 2D Header-Guided,SOURCE_FORMULA_ERROR,Pro Tablet Acc samsung 3Aug2026.xlsx,โปร และ เงื่อนไขการตัดขาย,142
ACC-ERR-R143,BLOCKED_INVALID,BLOCKED_INVALID,NO,คงสถานะตามผลการตรวจ 2D Header-Guided,SOURCE_FORMULA_ERROR,Pro Tablet Acc samsung 3Aug2026.xlsx,โปร และ เงื่อนไขการตัดขาย,143
ACC-ERR-R144,BLOCKED_INVALID,BLOCKED_INVALID,NO,คงสถานะตามผลการตรวจ 2D Header-Guided,SOURCE_FORMULA_ERROR,Pro Tablet Acc samsung 3Aug2026.xlsx,โปร และ เงื่อนไขการตัดขาย,144
PREM-2025-R6,EXPIRED,EXPIRED,NO,คงสถานะตามผลการตรวจ 2D Header-Guided,-,Aug_ 2026 Promotion Retail_Shop Samsung .xlsx,Promotion Premium Q2.2026,6
PREM-2025-R8,EXPIRED,EXPIRED,NO,คงสถานะตามผลการตรวจ 2D Header-Guided,-,Aug_ 2026 Promotion Retail_Shop Samsung .xlsx,Promotion Premium Q2.2026,8
PREM-2025-R13,EXPIRED,EXPIRED,NO,คงสถานะตามผลการตรวจ 2D Header-Guided,-,Aug_ 2026 Promotion Retail_Shop Samsung .xlsx,Promotion Premium Q2.2026,13
PREM-2025-R20,EXPIRED,EXPIRED,NO,คงสถานะตามผลการตรวจ 2D Header-Guided,-,Aug_ 2026 Promotion Retail_Shop Samsung .xlsx,Promotion Premium Q2.2026,20
PREM-2025-R21,EXPIRED,EXPIRED,NO,คงสถานะตามผลการตรวจ 2D Header-Guided,-,Aug_ 2026 Promotion Retail_Shop Samsung .xlsx,Promotion Premium Q2.2026,21
PREM-2025-R29,EXPIRED,EXPIRED,NO,คงสถานะตามผลการตรวจ 2D Header-Guided,-,Aug_ 2026 Promotion Retail_Shop Samsung .xlsx,Promotion Premium Q2.2026,29
BR-S26FE-128-SFPLUS,WARNING,WARNING,NO,คงสถานะตามผลการตรวจ 2D Header-Guided,-,business_rules.json,BR-02-S26FE,1
BR-S26FE-256-STORAGE-UPGRADE,WARNING,WARNING,NO,คงสถานะตามผลการตรวจ 2D Header-Guided,-,business_rules.json,BR-02-S26FE,2
BR-S26U-256-TRADEUP,ACTIVE,ACTIVE,NO,คงสถานะตามผลการตรวจ 2D Header-Guided,-,business_rules.json,BR-08-S26U,2
BR-S26U-1TB-TRADEUP,ACTIVE,ACTIVE,NO,คงสถานะตามผลการตรวจ 2D Header-Guided,-,business_rules.json,BR-09-S26U,2
BR-S26U-512-CONFLICT,SOURCE_CONFLICT,SOURCE_CONFLICT,NO,คงสถานะตามผลการตรวจ 2D Header-Guided,PRICE_EQUATION_MISMATCH; SOURCE_CONFLICT; PRICE_EQUATION_MISMATCH,business_rules.json,BR-10-S26U,1
BR-ZFLIP8-TU-SM-F741B256TH,ACTIVE,ACTIVE,NO,คงสถานะตามผลการตรวจ 2D Header-Guided,-,business_rules.json,BR-21-ZFLIP8-TRADEUP,1
BR-ZFLIP8-TU-SM-F741B512TH,ACTIVE,ACTIVE,NO,คงสถานะตามผลการตรวจ 2D Header-Guided,-,business_rules.json,BR-21-ZFLIP8-TRADEUP,1
BR-ZFLIP8-TU-F-NS741B256TH,ACTIVE,ACTIVE,NO,คงสถานะตามผลการตรวจ 2D Header-Guided,-,business_rules.json,BR-21-ZFLIP8-TRADEUP,1
BR-ZFLIP8-F-SPECIAL-F-NS741B256TH,ACTIVE,ACTIVE,NO,คงสถานะตามผลการตรวจ 2D Header-Guided,-,business_rules.json,BR-22-ZFLIP8-PASS-F,2
BR-ZFLIP8-TU-F-NS741B512TH,ACTIVE,ACTIVE,NO,คงสถานะตามผลการตรวจ 2D Header-Guided,-,business_rules.json,BR-21-ZFLIP8-TRADEUP,1
BR-ZFLIP8-F-SPECIAL-F-NS741B512TH,ACTIVE,ACTIVE,NO,คงสถานะตามผลการตรวจ 2D Header-Guided,-,business_rules.json,BR-22-ZFLIP8-PASS-F,2
BR-ZFLIP8-TU-F-NS776BLIATHL,ACTIVE,ACTIVE,NO,คงสถานะตามผลการตรวจ 2D Header-Guided,-,business_rules.json,BR-21-ZFLIP8-TRADEUP,1
BR-ZFLIP8-F-SPECIAL-F-NS776BLIATHL,ACTIVE,ACTIVE,NO,คงสถานะตามผลการตรวจ 2D Header-Guided,-,business_rules.json,BR-22-ZFLIP8-PASS-F,2
BR-ZFLIP8-TU-F-NS776BZKATHL,ACTIVE,ACTIVE,NO,คงสถานะตามผลการตรวจ 2D Header-Guided,-,business_rules.json,BR-21-ZFLIP8-TRADEUP,1
BR-ZFLIP8-F-SPECIAL-F-NS776BZKATHL,ACTIVE,ACTIVE,NO,คงสถานะตามผลการตรวจ 2D Header-Guided,-,business_rules.json,BR-22-ZFLIP8-PASS-F,2
BR-ZFLIP8-TU-F-NS776BZWATHL,ACTIVE,ACTIVE,NO,คงสถานะตามผลการตรวจ 2D Header-Guided,-,business_rules.json,BR-21-ZFLIP8-TRADEUP,1
BR-ZFLIP8-F-SPECIAL-F-NS776BZWATHL,ACTIVE,ACTIVE,NO,คงสถานะตามผลการตรวจ 2D Header-Guided,-,business_rules.json,BR-22-ZFLIP8-PASS-F,2
BR-ZFLIP8-TU-F-NS776BLIETHL,ACTIVE,ACTIVE,NO,คงสถานะตามผลการตรวจ 2D Header-Guided,-,business_rules.json,BR-21-ZFLIP8-TRADEUP,1
BR-ZFLIP8-F-SPECIAL-F-NS776BLIETHL,ACTIVE,ACTIVE,NO,คงสถานะตามผลการตรวจ 2D Header-Guided,-,business_rules.json,BR-22-ZFLIP8-PASS-F,2
BR-ZFLIP8-TU-F-NS776BZKETHL,ACTIVE,ACTIVE,NO,คงสถานะตามผลการตรวจ 2D Header-Guided,-,business_rules.json,BR-21-ZFLIP8-TRADEUP,1
BR-ZFLIP8-F-SPECIAL-F-NS776BZKETHL,ACTIVE,ACTIVE,NO,คงสถานะตามผลการตรวจ 2D Header-Guided,-,business_rules.json,BR-22-ZFLIP8-PASS-F,2
BR-ZFLIP8-TU-F-NS776BZWETHL,ACTIVE,ACTIVE,NO,คงสถานะตามผลการตรวจ 2D Header-Guided,-,business_rules.json,BR-21-ZFLIP8-TRADEUP,1
BR-ZFLIP8-F-SPECIAL-F-NS776BZWETHL,ACTIVE,ACTIVE,NO,คงสถานะตามผลการตรวจ 2D Header-Guided,-,business_rules.json,BR-22-ZFLIP8-PASS-F,2
BR-ZFLIP8-TU-SM-F776BLIATHL,ACTIVE,ACTIVE,NO,คงสถานะตามผลการตรวจ 2D Header-Guided,-,business_rules.json,BR-21-ZFLIP8-TRADEUP,1
BR-ZFLIP8-TU-SM-F776BZKATHL,ACTIVE,ACTIVE,NO,คงสถานะตามผลการตรวจ 2D Header-Guided,-,business_rules.json,BR-21-ZFLIP8-TRADEUP,1
BR-ZFLIP8-TU-SM-F776BZWATHL,ACTIVE,ACTIVE,NO,คงสถานะตามผลการตรวจ 2D Header-Guided,-,business_rules.json,BR-21-ZFLIP8-TRADEUP,1
BR-ZFLIP8-TU-SM-F776BLIETHL,ACTIVE,ACTIVE,NO,คงสถานะตามผลการตรวจ 2D Header-Guided,-,business_rules.json,BR-21-ZFLIP8-TRADEUP,1
BR-ZFLIP8-TU-SM-F776BZKETHL,ACTIVE,ACTIVE,NO,คงสถานะตามผลการตรวจ 2D Header-Guided,-,business_rules.json,BR-21-ZFLIP8-TRADEUP,1
BR-ZFLIP8-TU-SM-F776BZWETHL,ACTIVE,ACTIVE,NO,คงสถานะตามผลการตรวจ 2D Header-Guided,-,business_rules.json,BR-21-ZFLIP8-TRADEUP,1
BR-ZFOLD7-SM-F956B256TH,ACTIVE,ACTIVE,NO,คงสถานะตามผลการตรวจ 2D Header-Guided,-,business_rules.json,BR-23-ZFOLD7,1
BR-ZFOLD7-SM-F956B512TH,ACTIVE,ACTIVE,NO,คงสถานะตามผลการตรวจ 2D Header-Guided,-,business_rules.json,BR-23-ZFOLD7,1
BR-ZFOLD7-SM-F956B1TBTH,ACTIVE,ACTIVE,NO,คงสถานะตามผลการตรวจ 2D Header-Guided,-,business_rules.json,BR-23-ZFOLD7,1
BR-ZFLIP7-SM-F731B256TH,WARNING,WARNING,NO,คงสถานะตามผลการตรวจ 2D Header-Guided,-,business_rules.json,BR-24-ZFLIP7,1
BR-ZFLIP7-SM-F731B512TH,WARNING,WARNING,NO,คงสถานะตามผลการตรวจ 2D Header-Guided,-,business_rules.json,BR-24-ZFLIP7,1
BR-TAB-A11-STD-SM-X236B128TH,WARNING,WARNING,NO,คงสถานะตามผลการตรวจ 2D Header-Guided,-,business_rules.json,BR-25-TAB-A11,1
BR-TAB-A11-SF-SM-X236B128TH,WARNING,WARNING,NO,คงสถานะตามผลการตรวจ 2D Header-Guided,-,business_rules.json,BR-25-TAB-A11,2
BR-TAB-A11-STD-SM-X230N128TH,WARNING,WARNING,NO,คงสถานะตามผลการตรวจ 2D Header-Guided,-,business_rules.json,BR-25-TAB-A11,1
BR-TAB-A11-SF-SM-X230N128TH,WARNING,WARNING,NO,คงสถานะตามผลการตรวจ 2D Header-Guided,-,business_rules.json,BR-25-TAB-A11,2
BR-TAB-A11-STD-SM-X135N128TH,WARNING,WARNING,NO,คงสถานะตามผลการตรวจ 2D Header-Guided,-,business_rules.json,BR-25-TAB-A11,1
BR-TAB-A11-SF-SM-X135N128TH,WARNING,WARNING,NO,คงสถานะตามผลการตรวจ 2D Header-Guided,-,business_rules.json,BR-25-TAB-A11,2
BR-TAB-S10-LITE-F-X406BZ128TH,ACTIVE,ACTIVE,NO,คงสถานะตามผลการตรวจ 2D Header-Guided,-,business_rules.json,BR-27-TAB-S10-LITE,1
BR-TAB-S10-LITE-F-X400NZ128TH,ACTIVE,ACTIVE,NO,คงสถานะตามผลการตรวจ 2D Header-Guided,-,business_rules.json,BR-27-TAB-S10-LITE,1
BR-TAB-S10-LITE-SM-X406BZ128TH,ACTIVE,ACTIVE,NO,คงสถานะตามผลการตรวจ 2D Header-Guided,-,business_rules.json,BR-27-TAB-S10-LITE,1
BR-TAB-S10-LITE-SM-X400NZ128TH,ACTIVE,ACTIVE,NO,คงสถานะตามผลการตรวจ 2D Header-Guided,-,business_rules.json,BR-27-TAB-S10-LITE,1
BR-FOLD8-TU-SM-F971B256TH,ACTIVE,ACTIVE,NO,คงสถานะตามผลการตรวจ 2D Header-Guided,-,business_rules.json,BR-14-FOLD8-TU,1
BR-FOLD8-TU-SM-F971B512TH,ACTIVE,ACTIVE,NO,คงสถานะตามผลการตรวจ 2D Header-Guided,-,business_rules.json,BR-14-FOLD8-TU,1
BR-FOLD8-TU-SM-F971B1TBTH,ACTIVE,ACTIVE,NO,คงสถานะตามผลการตรวจ 2D Header-Guided,-,business_rules.json,BR-14-FOLD8-TU,1
BR-FOLD8-TU-SM-F976B256TH,ACTIVE,ACTIVE,NO,คงสถานะตามผลการตรวจ 2D Header-Guided,-,business_rules.json,BR-14-FOLD8-TU,1
BR-FOLD8-TU-SM-F976B512TH,ACTIVE,ACTIVE,NO,คงสถานะตามผลการตรวจ 2D Header-Guided,-,business_rules.json,BR-14-FOLD8-TU,1
BR-FOLD8-TU-SM-F976B1TBTH,ACTIVE,ACTIVE,NO,คงสถานะตามผลการตรวจ 2D Header-Guided,-,business_rules.json,BR-14-FOLD8-TU,1
